date,food_category,units_sold,order_count,unique_products,estimated_current_stock_simulated,avg_days_to_expiry_simulated,historical_damaged_stock_total,day_of_week,month,is_weekend
2023-03-16,Dairy,1,1,1,37,5.0,296,Thursday,3,0
2023-03-16,Dry Goods,3,1,1,29,308.0,290,Thursday,3,0
2023-03-16,Frozen Foods,1,1,1,84,115.0,286,Thursday,3,0
2023-03-16,Fruits,5,2,2,96,2.0,600,Thursday,3,0
2023-03-16,Other,8,4,4,156,221.5,1212,Thursday,3,0
2023-03-17,Beverages,1,1,1,47,105.0,274,Friday,3,0
2023-03-17,Other,6,4,4,163,189.83,1174,Friday,3,0
2023-03-17,Snacks,2,1,1,42,23.0,314,Friday,3,0
2023-03-18,Beverages,4,2,2,111,170.25,562,Saturday,3,1
2023-03-18,Frozen Foods,2,1,1,24,49.0,264,Saturday,3,1
2023-03-18,Fruits,3,1,1,30,2.0,300,Saturday,3,1
2023-03-18,Other,7,3,3,171,207.0,900,Saturday,3,1
2023-03-19,Dairy,6,3,3,135,3.33,894,Sunday,3,1
2023-03-19,Other,5,2,2,109,207.2,590,Sunday,3,1
2023-03-19,Snacks,2,2,2,109,37.5,602,Sunday,3,1
2023-03-20,Beverages,1,1,1,52,74.0,342,Monday,3,0
2023-03-20,Fruits,1,1,1,75,3.0,310,Monday,3,0
2023-03-20,Other,2,2,2,125,236.0,592,Monday,3,0
2023-03-21,Frozen Foods,7,3,3,105,98.43,922,Tuesday,3,0
2023-03-21,Fruits,1,1,1,76,2.0,310,Tuesday,3,0
2023-03-21,Other,14,7,7,343,211.21,2138,Tuesday,3,0
2023-03-21,Snacks,3,2,2,93,60.67,612,Tuesday,3,0
2023-03-22,Beverages,2,1,1,40,12.0,314,Wednesday,3,0
2023-03-22,Dry Goods,2,1,1,20,239.0,314,Wednesday,3,0
2023-03-22,Fruits,2,1,1,59,1.0,298,Wednesday,3,0
2023-03-22,Other,2,2,2,78,229.5,654,Wednesday,3,0
2023-03-22,Snacks,2,1,1,25,49.0,322,Wednesday,3,0
2023-03-23,Dairy,3,2,2,89,3.33,582,Thursday,3,0
2023-03-23,Dry Goods,2,1,1,52,343.0,280,Thursday,3,0
2023-03-23,Fruits,1,1,1,35,3.0,300,Thursday,3,0
2023-03-23,Other,2,1,1,84,50.0,314,Thursday,3,0
2023-03-24,Dry Goods,3,1,1,78,344.0,326,Friday,3,0
2023-03-24,Other,4,3,3,151,250.0,832,Friday,3,0
2023-03-25,Beverages,2,1,1,45,17.0,320,Saturday,3,1
2023-03-25,Dairy,5,3,2,109,4.2,594,Saturday,3,1
2023-03-25,Dry Goods,1,1,1,23,236.0,314,Saturday,3,1
2023-03-25,Frozen Foods,6,3,3,79,124.67,848,Saturday,3,1
2023-03-25,Fruits,2,1,1,45,1.0,280,Saturday,3,1
2023-03-25,Other,4,2,2,90,268.0,614,Saturday,3,1
2023-03-26,Beverages,1,1,1,44,8.0,314,Sunday,3,1
2023-03-26,Dairy,2,1,1,23,6.0,306,Sunday,3,1
2023-03-26,Frozen Foods,1,1,1,69,180.0,316,Sunday,3,1
2023-03-26,Other,14,6,6,296,270.07,1806,Sunday,3,1
2023-03-27,Beverages,3,1,1,65,163.0,270,Monday,3,0
2023-03-27,Dairy,4,2,2,107,5.5,548,Monday,3,0
2023-03-27,Frozen Foods,4,2,2,95,41.0,578,Monday,3,0
2023-03-27,Other,3,1,1,65,260.0,302,Monday,3,0
2023-03-28,Beverages,2,1,1,64,159.0,280,Tuesday,3,0
2023-03-28,Dairy,2,2,2,71,6.0,588,Tuesday,3,0
2023-03-28,Fruits,4,2,2,83,2.75,604,Tuesday,3,0
2023-03-28,Other,7,3,3,147,91.29,908,Tuesday,3,0
2023-03-28,Snacks,1,1,1,25,72.0,304,Tuesday,3,0
2023-03-29,Dairy,3,1,1,49,3.0,322,Wednesday,3,0
2023-03-29,Frozen Foods,5,2,2,60,115.0,564,Wednesday,3,0
2023-03-29,Fruits,2,1,1,27,3.0,302,Wednesday,3,0
2023-03-29,Other,10,5,5,163,187.8,1602,Wednesday,3,0
2023-03-29,Snacks,3,1,1,23,19.0,296,Wednesday,3,0
2023-03-30,Beverages,2,1,1,33,92.0,274,Thursday,3,0
2023-03-30,Dairy,3,1,1,45,1.0,308,Thursday,3,0
2023-03-30,Dry Goods,1,1,1,55,109.0,300,Thursday,3,0
2023-03-30,Other,5,3,3,159,236.4,890,Thursday,3,0
2023-03-30,Snacks,2,1,1,70,38.0,288,Thursday,3,0
2023-03-31,Dry Goods,1,1,1,83,71.0,262,Friday,3,0
2023-03-31,Frozen Foods,3,1,1,46,99.0,320,Friday,3,0
2023-03-31,Other,6,4,4,246,220.33,1166,Friday,3,0
2023-03-31,Snacks,3,1,1,50,6.0,292,Friday,3,0
2023-04-01,Frozen Foods,1,1,1,38,35.0,264,Saturday,4,1
2023-04-01,Fruits,3,1,1,44,3.0,300,Saturday,4,1
2023-04-01,Other,10,4,4,266,212.3,1250,Saturday,4,1
2023-04-02,Beverages,3,1,1,51,1.0,314,Sunday,4,1
2023-04-02,Fruits,5,2,2,103,2.4,620,Sunday,4,1
2023-04-02,Other,9,5,4,158,154.0,1190,Sunday,4,1
2023-04-02,Snacks,2,1,1,35,58.0,270,Sunday,4,1
2023-04-03,Frozen Foods,1,1,1,45,91.0,294,Monday,4,0
2023-04-03,Other,11,5,5,241,155.82,1512,Monday,4,0
2023-04-04,Beverages,3,1,1,53,44.0,316,Tuesday,4,0
2023-04-04,Dry Goods,5,2,2,86,167.6,640,Tuesday,4,0
2023-04-04,Frozen Foods,3,1,1,29,106.0,304,Tuesday,4,0
2023-04-04,Other,3,2,2,76,128.0,634,Tuesday,4,0
2023-04-04,Snacks,3,1,1,57,56.0,284,Tuesday,4,0
2023-04-05,Dairy,4,2,2,77,4.0,588,Wednesday,4,0
2023-04-05,Fruits,3,1,1,62,2.0,318,Wednesday,4,0
2023-04-05,Other,10,5,5,240,188.8,1484,Wednesday,4,0
2023-04-05,Snacks,3,1,1,54,57.0,306,Wednesday,4,0
2023-04-06,Dairy,4,2,2,110,2.0,590,Thursday,4,0
2023-04-06,Frozen Foods,5,2,2,100,105.4,596,Thursday,4,0
2023-04-06,Fruits,8,3,3,119,2.0,902,Thursday,4,0
2023-04-06,Other,5,3,3,162,265.0,912,Thursday,4,0
2023-04-06,Snacks,4,2,1,35,29.0,270,Thursday,4,0
2023-04-07,Beverages,4,2,2,150,151.75,570,Friday,4,0
2023-04-07,Dairy,5,2,2,73,4.0,626,Friday,4,0
2023-04-07,Frozen Foods,3,1,1,54,101.0,292,Friday,4,0
2023-04-07,Fruits,1,1,1,50,3.0,300,Friday,4,0
2023-04-07,Other,4,4,4,227,285.5,1294,Friday,4,0
2023-04-08,Dairy,2,1,1,62,3.0,308,Saturday,4,1
2023-04-08,Dry Goods,5,2,2,106,220.2,556,Saturday,4,1
2023-04-08,Other,4,2,2,100,64.0,594,Saturday,4,1
2023-04-09,Beverages,3,1,1,52,178.0,318,Sunday,4,1
2023-04-09,Dairy,6,3,3,122,4.33,848,Sunday,4,1
2023-04-09,Dry Goods,2,1,1,57,40.0,306,Sunday,4,1
2023-04-09,Fruits,6,3,3,141,1.67,904,Sunday,4,1
2023-04-09,Other,7,3,2,72,198.14,582,Sunday,4,1
2023-04-10,Dry Goods,2,1,1,91,71.0,248,Monday,4,0
2023-04-10,Frozen Foods,4,2,2,77,94.0,662,Monday,4,0
2023-04-10,Other,10,5,5,271,226.5,1532,Monday,4,0
2023-04-11,Dairy,3,1,1,63,7.0,296,Tuesday,4,0
2023-04-11,Dry Goods,1,1,1,40,219.0,314,Tuesday,4,0
2023-04-11,Fruits,6,2,1,34,2.0,308,Tuesday,4,0
2023-04-11,Other,12,7,7,383,188.42,2030,Tuesday,4,0
2023-04-12,Frozen Foods,3,1,1,21,6.0,284,Wednesday,4,0
2023-04-12,Other,7,4,4,129,200.0,1190,Wednesday,4,0
2023-04-12,Snacks,3,1,1,52,59.0,318,Wednesday,4,0
2023-04-13,Dairy,1,1,1,59,1.0,308,Thursday,4,0
2023-04-13,Dry Goods,3,2,2,124,136.67,534,Thursday,4,0
2023-04-13,Frozen Foods,5,2,2,74,62.0,606,Thursday,4,0
2023-04-13,Fruits,2,1,1,70,3.0,318,Thursday,4,0
2023-04-13,Other,9,3,3,140,215.0,862,Thursday,4,0
2023-04-14,Dry Goods,1,1,1,74,321.0,280,Friday,4,0
2023-04-14,Frozen Foods,1,1,1,42,118.0,282,Friday,4,0
2023-04-14,Fruits,6,3,3,140,1.67,886,Friday,4,0
2023-04-14,Other,4,2,2,130,135.5,624,Friday,4,0
2023-04-15,Beverages,3,1,1,54,138.0,298,Saturday,4,1
2023-04-15,Frozen Foods,4,2,2,95,99.0,642,Saturday,4,1
2023-04-15,Fruits,1,1,1,63,1.0,300,Saturday,4,1
2023-04-15,Other,7,3,3,141,263.57,878,Saturday,4,1
2023-04-15,Snacks,1,1,1,29,10.0,306,Saturday,4,1
2023-04-16,Beverages,5,2,2,55,74.6,648,Sunday,4,1
2023-04-16,Dairy,1,1,1,50,4.0,304,Sunday,4,1
2023-04-16,Dry Goods,3,1,1,64,33.0,306,Sunday,4,1
2023-04-16,Frozen Foods,6,2,2,86,80.0,640,Sunday,4,1
2023-04-16,Fruits,6,3,3,171,2.17,892,Sunday,4,1
2023-04-16,Other,10,4,4,161,156.5,1188,Sunday,4,1
2023-04-16,Snacks,1,1,1,44,53.0,304,Sunday,4,1
2023-04-17,Beverages,3,1,1,55,92.0,280,Monday,4,0
2023-04-17,Other,13,6,6,352,168.62,1732,Monday,4,0
2023-04-17,Snacks,2,2,2,87,24.0,622,Monday,4,0
2023-04-18,Other,5,2,2,116,136.4,614,Tuesday,4,0
2023-04-18,Snacks,3,1,1,33,48.0,314,Tuesday,4,0
2023-04-19,Beverages,3,1,1,38,164.0,314,Wednesday,4,0
2023-04-19,Dry Goods,1,1,1,32,281.0,344,Wednesday,4,0
2023-04-19,Fruits,2,1,1,53,3.0,288,Wednesday,4,0
2023-04-19,Other,6,3,3,119,157.83,864,Wednesday,4,0
2023-04-19,Snacks,1,1,1,50,62.0,298,Wednesday,4,0
2023-04-20,Other,2,1,1,52,158.0,316,Thursday,4,0
2023-04-21,Beverages,1,1,1,39,138.0,270,Friday,4,0
2023-04-21,Dairy,5,3,3,123,1.8,868,Friday,4,0
2023-04-21,Dry Goods,1,1,1,31,105.0,304,Friday,4,0
2023-04-21,Frozen Foods,3,1,1,39,154.0,316,Friday,4,0
2023-04-21,Other,11,7,7,335,202.27,2072,Friday,4,0
2023-04-21,Snacks,1,1,1,55,19.0,322,Friday,4,0
2023-04-22,Dry Goods,2,2,2,92,178.5,590,Saturday,4,1
2023-04-22,Other,3,2,2,151,145.33,566,Saturday,4,1
2023-04-23,Dairy,2,1,1,14,4.0,302,Sunday,4,1
2023-04-23,Frozen Foods,3,1,1,58,165.0,302,Sunday,4,1
2023-04-23,Fruits,6,2,2,82,1.5,640,Sunday,4,1
2023-04-23,Other,10,4,4,209,174.8,1252,Sunday,4,1
2023-04-24,Dairy,4,2,2,90,5.75,594,Monday,4,0
2023-04-24,Dry Goods,1,1,1,27,352.0,330,Monday,4,0
2023-04-24,Frozen Foods,2,1,1,23,84.0,292,Monday,4,0
2023-04-24,Fruits,2,1,1,51,2.0,272,Monday,4,0
2023-04-24,Other,2,2,2,78,184.0,574,Monday,4,0
2023-04-24,Snacks,2,1,1,53,11.0,270,Monday,4,0
2023-04-25,Beverages,5,2,2,80,25.4,676,Tuesday,4,0
2023-04-25,Dairy,5,2,2,149,6.6,588,Tuesday,4,0
2023-04-25,Frozen Foods,2,1,1,60,163.0,302,Tuesday,4,0
2023-04-25,Fruits,3,1,1,59,2.0,310,Tuesday,4,0
2023-04-25,Other,10,7,7,336,200.0,2210,Tuesday,4,0
2023-04-26,Beverages,6,2,2,109,120.0,594,Wednesday,4,0
2023-04-26,Dry Goods,2,1,1,30,82.0,300,Wednesday,4,0
2023-04-26,Frozen Foods,1,1,1,21,87.0,320,Wednesday,4,0
2023-04-26,Fruits,3,1,1,62,2.0,326,Wednesday,4,0
2023-04-26,Other,4,2,2,84,193.0,656,Wednesday,4,0
2023-04-26,Snacks,1,1,1,39,53.0,296,Wednesday,4,0
2023-04-27,Beverages,4,3,3,148,147.0,908,Thursday,4,0
2023-04-27,Frozen Foods,3,1,1,19,169.0,294,Thursday,4,0
2023-04-27,Fruits,3,1,1,29,2.0,284,Thursday,4,0
2023-04-28,Dairy,1,1,1,69,4.0,308,Friday,4,0
2023-04-28,Fruits,1,1,1,71,3.0,300,Friday,4,0
2023-04-28,Other,4,2,2,95,155.0,626,Friday,4,0
2023-04-28,Snacks,1,1,1,61,32.0,270,Friday,4,0
2023-04-29,Beverages,3,1,1,52,122.0,292,Saturday,4,1
2023-04-29,Other,2,1,1,55,227.0,302,Saturday,4,1
2023-04-29,Snacks,2,1,1,43,86.0,306,Saturday,4,1
2023-04-30,Dairy,3,1,1,27,5.0,308,Sunday,4,1
2023-04-30,Dry Goods,3,2,2,107,318.33,620,Sunday,4,1
2023-04-30,Frozen Foods,3,1,1,25,83.0,320,Sunday,4,1
2023-04-30,Fruits,3,2,2,131,1.0,608,Sunday,4,1
2023-04-30,Other,11,5,5,224,235.0,1458,Sunday,4,1
2023-04-30,Snacks,1,1,1,61,51.0,298,Sunday,4,1
2023-05-01,Beverages,5,2,2,86,61.0,634,Monday,5,0
2023-05-01,Dry Goods,1,1,1,41,50.0,248,Monday,5,0
2023-05-01,Fruits,1,1,1,24,3.0,318,Monday,5,0
2023-05-01,Other,3,2,2,135,134.33,616,Monday,5,0
2023-05-02,Beverages,3,2,2,106,140.33,606,Tuesday,5,0
2023-05-02,Dry Goods,6,2,2,84,92.5,610,Tuesday,5,0
2023-05-02,Frozen Foods,3,1,1,29,121.0,300,Tuesday,5,0
2023-05-02,Other,1,1,1,47,106.0,268,Tuesday,5,0
2023-05-03,Beverages,3,1,1,54,121.0,272,Wednesday,5,0
2023-05-03,Dairy,5,2,2,69,2.4,558,Wednesday,5,0
2023-05-03,Dry Goods,2,2,2,126,170.0,542,Wednesday,5,0
2023-05-03,Fruits,3,1,1,42,2.0,292,Wednesday,5,0
2023-05-03,Other,10,4,4,195,225.5,1226,Wednesday,5,0
2023-05-03,Snacks,1,1,1,29,30.0,290,Wednesday,5,0
2023-05-04,Dairy,6,3,3,115,3.5,912,Thursday,5,0
2023-05-04,Frozen Foods,5,2,2,75,118.8,588,Thursday,5,0
2023-05-04,Other,12,5,5,193,265.67,1538,Thursday,5,0
2023-05-05,Beverages,1,1,1,74,118.0,298,Friday,5,0
2023-05-05,Dairy,9,4,4,212,6.11,1130,Friday,5,0
2023-05-05,Fruits,3,1,1,37,3.0,284,Friday,5,0
2023-05-05,Other,21,9,9,448,178.24,2778,Friday,5,0
2023-05-05,Snacks,2,1,1,60,22.0,294,Friday,5,0
2023-05-06,Dairy,7,3,3,149,4.0,934,Saturday,5,1
2023-05-06,Dry Goods,1,1,1,46,90.0,304,Saturday,5,1
2023-05-06,Frozen Foods,2,1,1,27,96.0,282,Saturday,5,1
2023-05-06,Fruits,3,1,1,26,1.0,294,Saturday,5,1
2023-05-06,Other,8,4,4,218,201.75,1200,Saturday,5,1
2023-05-06,Snacks,4,2,2,79,67.5,636,Saturday,5,1
2023-05-07,Beverages,3,1,1,43,121.0,318,Sunday,5,1
2023-05-07,Dairy,2,1,1,28,1.0,308,Sunday,5,1
2023-05-07,Frozen Foods,5,3,3,98,114.0,894,Sunday,5,1
2023-05-07,Fruits,1,1,1,50,3.0,280,Sunday,5,1
2023-05-07,Other,3,1,1,31,308.0,262,Sunday,5,1
2023-05-08,Dairy,1,1,1,74,6.0,312,Monday,5,0
2023-05-08,Dry Goods,4,2,2,73,125.75,648,Monday,5,0
2023-05-08,Frozen Foods,2,1,1,46,61.0,320,Monday,5,0
2023-05-08,Fruits,2,2,2,119,1.5,608,Monday,5,0
2023-05-08,Other,10,6,6,231,119.6,1834,Monday,5,0
2023-05-08,Snacks,6,3,3,156,28.83,856,Monday,5,0
2023-05-09,Beverages,3,1,1,70,171.0,282,Tuesday,5,0
2023-05-09,Dairy,3,1,1,48,3.0,282,Tuesday,5,0
2023-05-09,Dry Goods,3,1,1,39,185.0,322,Tuesday,5,0
2023-05-09,Fruits,1,1,1,29,1.0,294,Tuesday,5,0
2023-05-09,Other,10,5,5,273,165.2,1474,Tuesday,5,0
2023-05-09,Snacks,1,1,1,16,21.0,270,Tuesday,5,0
2023-05-10,Beverages,5,2,2,120,103.4,618,Wednesday,5,0
2023-05-10,Dairy,4,2,2,99,6.0,600,Wednesday,5,0
2023-05-10,Frozen Foods,1,1,1,66,136.0,292,Wednesday,5,0
2023-05-10,Other,6,4,4,173,126.33,1228,Wednesday,5,0
2023-05-10,Snacks,1,1,1,65,17.0,294,Wednesday,5,0
2023-05-11,Frozen Foods,2,1,1,36,72.0,320,Thursday,5,0
2023-05-11,Other,9,3,3,130,187.33,880,Thursday,5,0
2023-05-12,Beverages,6,3,3,140,131.0,870,Friday,5,0
2023-05-12,Dairy,1,1,1,28,4.0,308,Friday,5,0
2023-05-12,Dry Goods,2,1,1,43,192.0,306,Friday,5,0
2023-05-12,Other,9,3,3,144,176.67,892,Friday,5,0
2023-05-12,Snacks,3,2,2,81,57.67,618,Friday,5,0
2023-05-13,Beverages,3,1,1,66,108.0,292,Saturday,5,1
2023-05-13,Dairy,1,1,1,78,1.0,292,Saturday,5,1
2023-05-13,Dry Goods,3,1,1,60,237.0,314,Saturday,5,1
2023-05-13,Frozen Foods,6,2,2,62,88.5,604,Saturday,5,1
2023-05-13,Other,8,5,5,251,152.88,1430,Saturday,5,1
2023-05-13,Snacks,3,1,1,15,72.0,306,Saturday,5,1
2023-05-14,Dairy,4,2,2,116,6.5,560,Sunday,5,1
2023-05-14,Frozen Foods,1,1,1,23,66.0,304,Sunday,5,1
2023-05-14,Fruits,2,1,1,31,2.0,300,Sunday,5,1
2023-05-14,Other,11,4,4,161,111.64,1152,Sunday,5,1
2023-05-15,Beverages,1,1,1,22,146.0,320,Monday,5,0
2023-05-15,Dry Goods,5,3,3,186,210.8,900,Monday,5,0
2023-05-15,Other,3,2,2,102,161.33,612,Monday,5,0
2023-05-15,Snacks,2,1,1,71,11.0,288,Monday,5,0
2023-05-16,Beverages,2,1,1,26,45.0,274,Tuesday,5,0
2023-05-16,Dairy,1,1,1,81,5.0,292,Tuesday,5,0
2023-05-16,Dry Goods,7,3,3,156,135.43,920,Tuesday,5,0
2023-05-16,Other,4,2,2,90,150.0,574,Tuesday,5,0
2023-05-16,Snacks,7,4,3,161,21.29,886,Tuesday,5,0
2023-05-17,Beverages,3,1,1,70,104.0,292,Wednesday,5,0
2023-05-17,Dry Goods,2,1,1,77,21.0,276,Wednesday,5,0
2023-05-17,Frozen Foods,2,1,1,24,169.0,264,Wednesday,5,0
2023-05-17,Fruits,8,4,4,209,2.0,1148,Wednesday,5,0
2023-05-17,Other,14,6,6,361,153.79,1808,Wednesday,5,0
2023-05-17,Snacks,1,1,1,73,5.0,314,Wednesday,5,0
2023-05-18,Dry Goods,2,1,1,14,143.0,286,Thursday,5,0
2023-05-18,Fruits,1,1,1,35,1.0,300,Thursday,5,0
2023-05-18,Other,13,6,6,296,271.77,1874,Thursday,5,0
2023-05-19,Beverages,5,2,2,124,119.8,596,Friday,5,0
2023-05-19,Dairy,1,1,1,34,5.0,292,Friday,5,0
2023-05-19,Fruits,1,1,1,28,1.0,272,Friday,5,0
2023-05-19,Other,19,8,8,480,169.74,2416,Friday,5,0
2023-05-19,Snacks,3,2,2,140,60.67,566,Friday,5,0
2023-05-20,Dairy,2,1,1,41,2.0,308,Saturday,5,1
2023-05-20,Dry Goods,2,1,1,60,76.0,304,Saturday,5,1
2023-05-20,Fruits,7,3,2,91,1.43,590,Saturday,5,1
2023-05-20,Other,7,4,4,184,222.43,1260,Saturday,5,1
2023-05-21,Frozen Foods,2,2,2,71,65.5,590,Sunday,5,1
2023-05-21,Snacks,2,1,1,44,11.0,306,Sunday,5,1
2023-05-22,Dairy,2,1,1,51,3.0,316,Monday,5,0
2023-05-22,Dry Goods,3,1,1,52,172.0,322,Monday,5,0
2023-05-22,Fruits,1,1,1,22,3.0,340,Monday,5,0
2023-05-22,Other,8,4,4,221,217.62,1342,Monday,5,0
2023-05-23,Beverages,7,4,3,197,130.43,866,Tuesday,5,0
2023-05-23,Dairy,1,1,1,52,4.0,322,Tuesday,5,0
2023-05-23,Dry Goods,3,1,1,56,323.0,330,Tuesday,5,0
2023-05-23,Fruits,1,1,1,35,2.0,264,Tuesday,5,0
2023-05-23,Other,8,3,3,122,169.88,890,Tuesday,5,0
2023-05-23,Snacks,6,2,2,86,56.5,622,Tuesday,5,0
2023-05-24,Dairy,1,1,1,45,1.0,302,Wednesday,5,0
2023-05-24,Fruits,6,2,2,78,1.5,636,Wednesday,5,0
2023-05-24,Other,10,5,5,261,268.3,1526,Wednesday,5,0
2023-05-24,Snacks,5,2,2,81,7.8,560,Wednesday,5,0
2023-05-25,Dry Goods,2,1,1,54,23.0,308,Thursday,5,0
2023-05-25,Fruits,2,1,1,60,2.0,314,Thursday,5,0
2023-05-25,Other,7,4,4,216,217.14,1178,Thursday,5,0
2023-05-25,Snacks,1,1,1,48,16.0,318,Thursday,5,0
2023-05-26,Frozen Foods,2,1,1,56,38.0,294,Friday,5,0
2023-05-26,Fruits,2,1,1,81,3.0,318,Friday,5,0
2023-05-26,Other,6,3,3,115,257.5,854,Friday,5,0
2023-05-27,Dairy,1,1,1,24,4.0,286,Saturday,5,1
2023-05-27,Dry Goods,1,1,1,51,36.0,318,Saturday,5,1
2023-05-27,Frozen Foods,3,1,1,23,119.0,292,Saturday,5,1
2023-05-27,Fruits,1,1,1,56,1.0,328,Saturday,5,1
2023-05-27,Other,10,5,5,224,181.5,1514,Saturday,5,1
2023-05-28,Beverages,3,1,1,50,32.0,312,Sunday,5,1
2023-05-28,Fruits,3,1,1,27,1.0,292,Sunday,5,1
2023-05-28,Other,6,2,2,93,152.5,606,Sunday,5,1
2023-05-28,Snacks,3,1,1,35,2.0,270,Sunday,5,1
2023-05-29,Beverages,2,1,1,65,99.0,318,Monday,5,0
2023-05-29,Dairy,2,1,1,50,1.0,296,Monday,5,0
2023-05-29,Dry Goods,2,1,1,69,22.0,248,Monday,5,0
2023-05-29,Frozen Foods,1,1,1,54,54.0,320,Monday,5,0
2023-05-30,Beverages,6,2,1,57,107.0,290,Tuesday,5,0
2023-05-30,Dairy,1,1,1,73,3.0,286,Tuesday,5,0
2023-05-30,Dry Goods,1,1,1,32,27.0,310,Tuesday,5,0
2023-05-30,Frozen Foods,2,1,1,43,31.0,298,Tuesday,5,0
2023-05-30,Other,7,3,3,122,284.43,936,Tuesday,5,0
2023-05-30,Snacks,3,1,1,60,19.0,314,Tuesday,5,0
2023-05-31,Dry Goods,2,1,1,39,197.0,268,Wednesday,5,0
2023-05-31,Fruits,1,1,1,32,3.0,288,Wednesday,5,0
2023-05-31,Other,3,3,3,162,153.67,872,Wednesday,5,0
2023-05-31,Snacks,1,1,1,54,22.0,304,Wednesday,5,0
2023-06-01,Dry Goods,3,1,1,40,203.0,264,Thursday,6,0
2023-06-01,Frozen Foods,4,2,2,32,91.0,576,Thursday,6,0
2023-06-01,Other,10,5,5,246,234.3,1486,Thursday,6,0
2023-06-02,Dairy,1,1,1,27,3.0,304,Friday,6,0
2023-06-02,Dry Goods,1,1,1,41,195.0,268,Friday,6,0
2023-06-02,Frozen Foods,1,1,1,54,125.0,302,Friday,6,0
2023-06-02,Other,10,4,4,151,261.8,1258,Friday,6,0
2023-06-02,Snacks,2,1,1,56,89.0,306,Friday,6,0
2023-06-03,Dairy,1,1,1,41,2.0,272,Saturday,6,1
2023-06-03,Fruits,2,1,1,42,2.0,310,Saturday,6,1
2023-06-04,Beverages,3,1,1,71,93.0,318,Sunday,6,1
2023-06-04,Other,3,1,1,32,8.0,264,Sunday,6,1
2023-06-05,Dairy,2,1,1,38,1.0,280,Monday,6,0
2023-06-05,Dry Goods,3,1,1,70,42.0,300,Monday,6,0
2023-06-05,Frozen Foods,3,1,1,61,47.0,320,Monday,6,0
2023-06-05,Other,9,4,4,257,199.67,1240,Monday,6,0
2023-06-05,Snacks,3,1,1,65,83.0,310,Monday,6,0
2023-06-06,Beverages,2,1,1,44,124.0,320,Tuesday,6,0
2023-06-06,Dairy,1,1,1,31,6.0,304,Tuesday,6,0
2023-06-06,Dry Goods,3,1,1,32,282.0,304,Tuesday,6,0
2023-06-06,Other,7,3,3,80,210.43,890,Tuesday,6,0
2023-06-06,Snacks,2,1,1,60,4.0,318,Tuesday,6,0
2023-06-07,Beverages,3,1,1,55,160.0,316,Wednesday,6,0
2023-06-07,Dairy,4,2,2,53,3.0,544,Wednesday,6,0
2023-06-07,Dry Goods,6,2,1,34,123.0,286,Wednesday,6,0
2023-06-07,Frozen Foods,1,1,1,38,31.0,320,Wednesday,6,0
2023-06-07,Fruits,1,1,1,44,2.0,298,Wednesday,6,0
2023-06-07,Other,12,6,6,333,160.5,1882,Wednesday,6,0
2023-06-07,Snacks,2,2,2,94,12.5,592,Wednesday,6,0
2023-06-08,Beverages,1,1,1,58,40.0,280,Thursday,6,0
2023-06-08,Dry Goods,2,1,1,55,266.0,280,Thursday,6,0
2023-06-08,Frozen Foods,2,1,1,61,127.0,294,Thursday,6,0
2023-06-08,Other,4,2,2,91,166.25,642,Thursday,6,0
2023-06-08,Snacks,4,2,2,160,65.0,604,Thursday,6,0
2023-06-09,Beverages,1,1,1,38,117.0,318,Friday,6,0
2023-06-09,Dairy,1,1,1,34,6.0,304,Friday,6,0
2023-06-09,Dry Goods,2,1,1,22,38.0,300,Friday,6,0
2023-06-09,Frozen Foods,1,1,1,53,21.0,298,Friday,6,0
2023-06-09,Fruits,2,1,1,41,3.0,288,Friday,6,0
2023-06-09,Other,13,6,6,305,219.38,1810,Friday,6,0
2023-06-09,Snacks,1,1,1,63,82.0,306,Friday,6,0
2023-06-10,Beverages,2,2,2,86,104.0,590,Saturday,6,1
2023-06-10,Dairy,1,1,1,37,1.0,308,Saturday,6,1
2023-06-10,Frozen Foods,2,1,1,65,104.0,302,Saturday,6,1
2023-06-10,Fruits,8,3,3,158,2.0,944,Saturday,6,1
2023-06-10,Other,10,8,8,367,128.4,2424,Saturday,6,1
2023-06-11,Dairy,2,1,1,71,4.0,316,Sunday,6,1
2023-06-11,Frozen Foods,3,2,2,59,91.33,578,Sunday,6,1
2023-06-12,Beverages,1,1,1,15,17.0,312,Monday,6,0
2023-06-12,Dairy,1,1,1,58,2.0,292,Monday,6,0
2023-06-12,Fruits,2,1,1,42,1.0,292,Monday,6,0
2023-06-12,Other,14,7,7,357,134.29,2026,Monday,6,0
2023-06-13,Dairy,1,1,1,50,4.0,298,Tuesday,6,0
2023-06-13,Dry Goods,2,1,1,31,263.0,326,Tuesday,6,0
2023-06-13,Other,2,2,2,89,215.5,562,Tuesday,6,0
2023-06-14,Beverages,5,2,2,87,119.8,606,Wednesday,6,0
2023-06-14,Dairy,10,4,4,236,3.9,1222,Wednesday,6,0
2023-06-14,Dry Goods,3,1,1,53,218.0,290,Wednesday,6,0
2023-06-14,Other,3,2,2,62,127.33,630,Wednesday,6,0
2023-06-15,Beverages,2,1,1,73,91.0,290,Thursday,6,0
2023-06-15,Dairy,3,2,2,89,1.67,580,Thursday,6,0
2023-06-15,Dry Goods,1,1,1,35,50.0,304,Thursday,6,0
2023-06-15,Frozen Foods,3,1,1,27,32.0,292,Thursday,6,0
2023-06-15,Other,8,4,4,197,230.25,1244,Thursday,6,0
2023-06-16,Dairy,3,1,1,23,7.0,286,Friday,6,0
2023-06-16,Frozen Foods,3,1,1,51,36.0,244,Friday,6,0
2023-06-16,Other,5,3,3,142,177.6,898,Friday,6,0
2023-06-17,Dairy,1,1,1,55,2.0,272,Saturday,6,1
2023-06-17,Other,10,4,4,192,191.1,1244,Saturday,6,1
2023-06-17,Snacks,3,1,1,55,78.0,314,Saturday,6,1
2023-06-18,Dry Goods,2,2,2,62,45.5,610,Sunday,6,1
2023-06-18,Frozen Foods,3,2,2,65,33.0,548,Sunday,6,1
2023-06-18,Fruits,2,1,1,58,1.0,272,Sunday,6,1
2023-06-18,Other,14,5,5,292,112.14,1552,Sunday,6,1
2023-06-18,Snacks,3,2,2,116,47.33,616,Sunday,6,1
2023-06-19,Frozen Foods,1,1,1,50,19.0,320,Monday,6,0
2023-06-19,Other,10,6,6,284,233.2,1758,Monday,6,0
2023-06-20,Dry Goods,4,2,2,95,92.25,624,Tuesday,6,0
2023-06-20,Fruits,3,1,1,74,1.0,318,Tuesday,6,0
2023-06-20,Other,8,3,3,156,242.5,910,Tuesday,6,0
2023-06-21,Beverages,2,1,1,41,101.0,314,Wednesday,6,0
2023-06-21,Dairy,4,2,2,74,4.5,560,Wednesday,6,0
2023-06-21,Other,15,6,6,198,167.13,1884,Wednesday,6,0
2023-06-21,Snacks,1,1,1,32,48.0,322,Wednesday,6,0
2023-06-22,Dairy,2,1,1,44,1.0,282,Thursday,6,0
2023-06-22,Other,3,2,2,93,161.33,558,Thursday,6,0
2023-06-23,Beverages,1,1,1,35,118.0,294,Friday,6,0
2023-06-23,Dairy,3,1,1,37,3.0,240,Friday,6,0
2023-06-23,Other,14,7,6,372,217.21,1752,Friday,6,0
2023-06-24,Dairy,2,2,2,30,3.0,600,Saturday,6,1
2023-06-24,Fruits,1,1,1,63,2.0,310,Saturday,6,1
2023-06-24,Other,14,6,4,125,217.71,1142,Saturday,6,1
2023-06-24,Snacks,3,2,2,37,54.67,612,Saturday,6,1
2023-06-25,Other,5,3,3,149,123.0,864,Sunday,6,1
2023-06-26,Dry Goods,4,2,2,112,203.25,572,Monday,6,0
2023-06-26,Fruits,3,2,2,150,1.0,620,Monday,6,0
2023-06-26,Other,4,2,2,99,122.5,592,Monday,6,0
2023-06-27,Beverages,6,2,2,79,77.5,614,Tuesday,6,0
2023-06-27,Dry Goods,3,1,1,60,364.0,310,Tuesday,6,0
2023-06-27,Fruits,4,2,2,130,2.0,552,Tuesday,6,0
2023-06-27,Other,14,6,6,319,181.64,1772,Tuesday,6,0
2023-06-27,Snacks,2,1,1,56,37.0,270,Tuesday,6,0
2023-06-28,Dry Goods,1,1,1,46,248.0,326,Wednesday,6,0
2023-06-28,Other,8,4,4,218,187.12,1228,Wednesday,6,0
2023-06-28,Snacks,3,1,1,53,7.0,292,Wednesday,6,0
2023-06-29,Beverages,4,2,2,63,77.5,598,Thursday,6,0
2023-06-29,Dry Goods,2,1,1,35,190.0,314,Thursday,6,0
2023-06-29,Frozen Foods,1,1,1,56,86.0,292,Thursday,6,0
2023-06-29,Fruits,4,2,2,70,2.0,590,Thursday,6,0
2023-06-29,Other,5,3,2,103,244.8,602,Thursday,6,0
2023-06-30,Dairy,3,1,1,66,4.0,308,Friday,6,0
2023-06-30,Dry Goods,2,1,1,43,17.0,300,Friday,6,0
2023-06-30,Other,8,4,4,214,211.5,1200,Friday,6,0
2023-06-30,Snacks,3,2,2,116,12.33,642,Friday,6,0
2023-07-01,Beverages,2,1,1,27,59.0,292,Saturday,7,1
2023-07-01,Dairy,1,1,1,53,6.0,282,Saturday,7,1
2023-07-01,Dry Goods,1,1,1,60,97.0,272,Saturday,7,1
2023-07-01,Other,7,4,4,186,168.57,1268,Saturday,7,1
2023-07-01,Snacks,3,1,1,66,50.0,314,Saturday,7,1
2023-07-02,Beverages,2,2,1,67,114.0,302,Sunday,7,1
2023-07-02,Dairy,3,1,1,22,4.0,304,Sunday,7,1
2023-07-02,Frozen Foods,3,1,1,37,20.0,320,Sunday,7,1
2023-07-02,Fruits,6,3,2,106,1.5,606,Sunday,7,1
2023-07-02,Other,6,4,4,157,157.17,1188,Sunday,7,1
2023-07-03,Beverages,2,2,2,123,114.5,584,Monday,7,0
2023-07-03,Fruits,8,4,4,190,2.62,1186,Monday,7,0
2023-07-03,Other,1,1,1,20,235.0,356,Monday,7,0
2023-07-03,Snacks,4,2,2,79,72.5,600,Monday,7,0
2023-07-04,Beverages,3,2,2,69,43.33,598,Tuesday,7,0
2023-07-04,Dairy,3,1,1,56,3.0,282,Tuesday,7,0
2023-07-04,Fruits,5,2,2,75,1.6,648,Tuesday,7,0
2023-07-04,Other,3,1,1,39,326.0,306,Tuesday,7,0
2023-07-04,Snacks,2,2,2,90,14.0,608,Tuesday,7,0
2023-07-05,Dairy,2,1,1,26,6.0,304,Wednesday,7,0
2023-07-05,Dry Goods,3,1,1,54,128.0,322,Wednesday,7,0
2023-07-05,Frozen Foods,3,1,1,27,79.0,302,Wednesday,7,0
2023-07-05,Fruits,1,1,1,66,1.0,340,Wednesday,7,0
2023-07-05,Other,11,6,6,196,175.91,1834,Wednesday,7,0
2023-07-05,Snacks,2,1,1,33,56.0,306,Wednesday,7,0
2023-07-06,Frozen Foods,3,1,1,51,35.0,282,Thursday,7,0
2023-07-06,Fruits,1,1,1,57,3.0,326,Thursday,7,0
2023-07-06,Other,5,3,3,137,190.2,886,Thursday,7,0
2023-07-06,Snacks,4,3,3,160,71.75,900,Thursday,7,0
2023-07-07,Frozen Foods,4,2,2,72,4.5,640,Friday,7,0
2023-07-07,Other,9,6,6,288,154.22,1692,Friday,7,0
2023-07-08,Dairy,1,1,1,42,7.0,302,Saturday,7,1
2023-07-08,Dry Goods,2,1,1,48,159.0,268,Saturday,7,1
2023-07-08,Fruits,2,1,1,28,2.0,292,Saturday,7,1
2023-07-08,Other,4,2,2,112,246.75,594,Saturday,7,1
2023-07-08,Snacks,5,2,2,60,51.8,590,Saturday,7,1
2023-07-09,Beverages,1,1,1,67,59.0,270,Sunday,7,1
2023-07-09,Dairy,3,2,2,112,5.0,578,Sunday,7,1
2023-07-09,Dry Goods,3,1,1,21,89.0,272,Sunday,7,1
2023-07-09,Frozen Foods,2,1,1,51,8.0,292,Sunday,7,1
2023-07-09,Other,8,5,5,268,200.88,1524,Sunday,7,1
2023-07-10,Dairy,2,1,1,43,2.0,292,Monday,7,0
2023-07-10,Frozen Foods,2,1,1,34,179.0,286,Monday,7,0
2023-07-10,Fruits,2,1,1,65,2.0,326,Monday,7,0
2023-07-10,Other,5,2,2,85,73.6,600,Monday,7,0
2023-07-11,Beverages,2,1,1,53,100.0,294,Tuesday,7,0
2023-07-11,Other,12,6,5,222,154.83,1432,Tuesday,7,0
2023-07-12,Dairy,2,1,1,33,6.0,296,Wednesday,7,0
2023-07-12,Dry Goods,2,1,1,48,177.0,314,Wednesday,7,0
2023-07-12,Other,11,5,5,213,205.27,1516,Wednesday,7,0
2023-07-13,Beverages,2,1,1,30,103.0,302,Thursday,7,0
2023-07-13,Dairy,1,1,1,73,6.0,276,Thursday,7,0
2023-07-13,Dry Goods,2,1,1,76,348.0,310,Thursday,7,0
2023-07-13,Other,4,3,3,137,151.5,902,Thursday,7,0
2023-07-13,Snacks,2,1,1,25,82.0,292,Thursday,7,0
2023-07-14,Beverages,5,2,2,101,116.6,590,Friday,7,0
2023-07-14,Dairy,1,1,1,43,1.0,280,Friday,7,0
2023-07-14,Frozen Foods,2,1,1,75,20.0,298,Friday,7,0
2023-07-14,Other,6,3,3,199,65.33,952,Friday,7,0
2023-07-15,Fruits,3,1,1,24,1.0,284,Saturday,7,1
2023-07-15,Other,5,3,3,63,134.6,802,Saturday,7,1
2023-07-15,Snacks,3,1,1,28,36.0,314,Saturday,7,1
2023-07-16,Other,16,6,5,213,238.38,1494,Sunday,7,1
2023-07-16,Snacks,3,2,2,103,58.67,562,Sunday,7,1
2023-07-17,Beverages,3,1,1,42,50.0,318,Monday,7,0
2023-07-17,Dairy,3,1,1,29,5.0,276,Monday,7,0
2023-07-17,Frozen Foods,3,2,2,95,110.33,622,Monday,7,0
2023-07-17,Other,3,1,1,59,5.0,300,Monday,7,0
2023-07-17,Snacks,2,1,1,29,78.0,292,Monday,7,0
2023-07-18,Dairy,5,3,3,146,3.0,886,Tuesday,7,0
2023-07-18,Other,3,2,2,148,72.33,594,Tuesday,7,0
2023-07-18,Snacks,1,1,1,51,60.0,296,Tuesday,7,0
2023-07-19,Beverages,1,1,1,36,97.0,302,Wednesday,7,0
2023-07-19,Fruits,3,1,1,39,3.0,292,Wednesday,7,0
2023-07-19,Other,6,3,3,134,203.67,872,Wednesday,7,0
2023-07-19,Snacks,4,2,2,133,51.0,566,Wednesday,7,0
2023-07-20,Dairy,5,2,2,53,4.0,612,Thursday,7,0
2023-07-20,Frozen Foods,7,3,3,127,55.14,888,Thursday,7,0
2023-07-20,Fruits,3,1,1,29,1.0,340,Thursday,7,0
2023-07-20,Other,8,4,4,146,195.88,1208,Thursday,7,0
2023-07-21,Other,10,4,3,134,180.8,910,Friday,7,0
2023-07-22,Dry Goods,3,2,2,139,211.67,670,Saturday,7,1
2023-07-22,Fruits,2,1,1,26,2.0,294,Saturday,7,1
2023-07-22,Other,3,1,1,35,233.0,334,Saturday,7,1
2023-07-23,Beverages,1,1,1,49,37.0,292,Sunday,7,1
2023-07-23,Dry Goods,2,2,2,126,169.5,640,Sunday,7,1
2023-07-23,Frozen Foods,1,1,1,58,179.0,320,Sunday,7,1
2023-07-23,Other,11,6,6,219,207.09,1730,Sunday,7,1
2023-07-23,Snacks,5,2,1,72,58.0,278,Sunday,7,1
2023-07-24,Dairy,3,2,2,120,3.33,600,Monday,7,0
2023-07-24,Dry Goods,2,1,1,31,109.0,322,Monday,7,0
2023-07-24,Frozen Foods,3,1,1,59,178.0,320,Monday,7,0
2023-07-24,Other,12,5,5,203,216.83,1530,Monday,7,0
2023-07-24,Snacks,3,1,1,23,15.0,322,Monday,7,0
2023-07-25,Dairy,5,4,4,173,5.4,1240,Tuesday,7,0
2023-07-25,Other,6,4,4,251,230.5,1254,Tuesday,7,0
2023-07-26,Dairy,3,2,2,98,1.33,622,Wednesday,7,0
2023-07-26,Fruits,3,1,1,41,1.0,264,Wednesday,7,0
2023-07-26,Other,5,3,3,146,108.4,896,Wednesday,7,0
2023-07-27,Beverages,3,1,1,65,70.0,316,Thursday,7,0
2023-07-27,Dairy,4,2,2,150,2.0,548,Thursday,7,0
2023-07-27,Dry Goods,1,1,1,90,334.0,310,Thursday,7,0
2023-07-27,Fruits,3,1,1,44,3.0,300,Thursday,7,0
2023-07-27,Other,9,5,5,235,122.78,1494,Thursday,7,0
2023-07-27,Snacks,2,1,1,53,31.0,310,Thursday,7,0
2023-07-28,Dairy,8,4,4,134,2.88,1236,Friday,7,0
2023-07-28,Dry Goods,1,1,1,52,257.0,330,Friday,7,0
2023-07-28,Frozen Foods,3,1,1,50,62.0,276,Friday,7,0
2023-07-28,Other,9,6,6,232,146.22,1856,Friday,7,0
2023-07-29,Dry Goods,2,1,1,76,180.0,344,Saturday,7,1
2023-07-29,Frozen Foods,3,1,1,60,33.0,300,Saturday,7,1
2023-07-29,Fruits,8,4,4,211,1.75,1252,Saturday,7,1
2023-07-30,Beverages,3,1,1,61,168.0,280,Sunday,7,1
2023-07-30,Dry Goods,3,2,2,81,193.33,616,Sunday,7,1
2023-07-30,Other,7,4,4,144,167.57,1204,Sunday,7,1
2023-07-31,Beverages,2,1,1,31,31.0,298,Monday,7,0
2023-07-31,Dairy,3,2,2,61,2.33,584,Monday,7,0
2023-07-31,Other,14,6,6,357,148.64,1786,Monday,7,0
2023-08-01,Beverages,3,2,2,104,64.33,612,Tuesday,8,0
2023-08-01,Dairy,7,4,4,191,4.29,1222,Tuesday,8,0
2023-08-01,Dry Goods,2,1,1,35,170.0,290,Tuesday,8,0
2023-08-01,Other,12,6,6,378,104.42,1824,Tuesday,8,0
2023-08-01,Snacks,3,2,2,73,49.67,582,Tuesday,8,0
2023-08-02,Beverages,2,1,1,71,64.0,316,Wednesday,8,0
2023-08-02,Fruits,1,1,1,37,3.0,294,Wednesday,8,0
2023-08-02,Other,6,3,3,127,263.5,874,Wednesday,8,0
2023-08-02,Snacks,3,1,1,32,6.0,322,Wednesday,8,0
2023-08-03,Beverages,1,1,1,24,58.0,314,Thursday,8,0
2023-08-03,Dairy,2,1,1,46,2.0,322,Thursday,8,0
2023-08-03,Frozen Foods,2,1,1,28,163.0,292,Thursday,8,0
2023-08-03,Fruits,3,1,1,34,2.0,300,Thursday,8,0
2023-08-03,Other,3,1,1,80,61.0,306,Thursday,8,0
2023-08-03,Snacks,1,1,1,41,81.0,322,Thursday,8,0
2023-08-04,Other,6,3,3,184,86.67,902,Friday,8,0
2023-08-05,Dairy,1,1,1,69,4.0,292,Saturday,8,1
2023-08-05,Dry Goods,2,1,1,24,103.0,314,Saturday,8,1
2023-08-05,Fruits,3,1,1,36,3.0,300,Saturday,8,1
2023-08-05,Other,10,6,6,233,193.1,1790,Saturday,8,1
2023-08-06,Dairy,3,1,1,70,5.0,268,Sunday,8,1
2023-08-06,Fruits,1,1,1,37,2.0,300,Sunday,8,1
2023-08-06,Other,14,6,6,252,176.93,1806,Sunday,8,1
2023-08-06,Snacks,3,1,1,35,87.0,270,Sunday,8,1
2023-08-07,Dairy,1,1,1,59,1.0,304,Monday,8,0
2023-08-07,Dry Goods,2,2,2,79,202.0,572,Monday,8,0
2023-08-07,Fruits,3,1,1,58,1.0,318,Monday,8,0
2023-08-07,Other,8,4,4,209,136.12,1122,Monday,8,0
2023-08-07,Snacks,1,1,1,36,18.0,294,Monday,8,0
2023-08-08,Beverages,3,1,1,46,29.0,270,Tuesday,8,0
2023-08-08,Dry Goods,1,1,1,86,170.0,344,Tuesday,8,0
2023-08-08,Frozen Foods,4,2,1,33,58.0,302,Tuesday,8,0
2023-08-08,Fruits,2,1,1,47,2.0,276,Tuesday,8,0
2023-08-08,Other,9,6,6,307,163.22,1816,Tuesday,8,0
2023-08-08,Snacks,5,2,2,125,58.6,576,Tuesday,8,0
2023-08-09,Dry Goods,2,2,2,113,104.5,600,Wednesday,8,0
2023-08-09,Frozen Foods,6,2,2,99,97.0,644,Wednesday,8,0
2023-08-09,Fruits,1,1,1,30,2.0,280,Wednesday,8,0
2023-08-09,Other,11,5,5,262,142.36,1470,Wednesday,8,0
2023-08-09,Snacks,2,1,1,73,38.0,296,Wednesday,8,0
2023-08-10,Dairy,2,1,1,75,2.0,302,Thursday,8,0
2023-08-10,Fruits,3,2,2,76,2.33,578,Thursday,8,0
2023-08-10,Other,9,5,5,300,141.56,1448,Thursday,8,0
2023-08-10,Snacks,7,3,3,192,44.29,910,Thursday,8,0
2023-08-11,Dry Goods,1,1,1,39,216.0,304,Friday,8,0
2023-08-11,Other,9,4,4,168,221.44,1202,Friday,8,0
2023-08-11,Snacks,1,1,1,21,39.0,278,Friday,8,0
2023-08-12,Dairy,2,1,1,55,7.0,276,Saturday,8,1
2023-08-12,Frozen Foods,5,2,2,85,99.4,558,Saturday,8,1
2023-08-12,Fruits,1,1,1,26,2.0,326,Saturday,8,1
2023-08-12,Other,6,4,4,208,144.0,1220,Saturday,8,1
2023-08-12,Snacks,1,1,1,41,81.0,270,Saturday,8,1
2023-08-13,Dairy,3,1,1,30,6.0,322,Sunday,8,1
2023-08-13,Other,7,3,3,135,135.71,886,Sunday,8,1
2023-08-13,Snacks,3,2,2,102,63.33,614,Sunday,8,1
2023-08-14,Beverages,2,1,1,27,74.0,282,Monday,8,0
2023-08-14,Frozen Foods,3,2,2,109,39.33,594,Monday,8,0
2023-08-14,Fruits,2,2,2,124,1.5,616,Monday,8,0
2023-08-14,Other,6,3,3,183,229.5,928,Monday,8,0
2023-08-14,Snacks,1,1,1,43,79.0,270,Monday,8,0
2023-08-15,Beverages,1,1,1,36,46.0,314,Tuesday,8,0
2023-08-15,Dairy,4,2,2,70,5.0,600,Tuesday,8,0
2023-08-15,Other,8,4,4,167,204.25,1212,Tuesday,8,0
2023-08-16,Beverages,3,1,1,85,50.0,316,Wednesday,8,0
2023-08-16,Dairy,3,1,1,37,7.0,292,Wednesday,8,0
2023-08-16,Other,17,7,7,286,185.35,2114,Wednesday,8,0
2023-08-16,Snacks,4,2,2,105,56.5,614,Wednesday,8,0
2023-08-17,Beverages,3,1,1,48,14.0,298,Thursday,8,0
2023-08-17,Dry Goods,6,2,2,133,230.0,632,Thursday,8,0
2023-08-17,Frozen Foods,3,1,1,34,166.0,298,Thursday,8,0
2023-08-17,Fruits,2,1,1,40,2.0,320,Thursday,8,0
2023-08-17,Other,9,5,5,245,167.22,1548,Thursday,8,0
2023-08-17,Snacks,2,1,1,40,17.0,314,Thursday,8,0
2023-08-18,Beverages,3,1,1,32,130.0,312,Friday,8,0
2023-08-18,Dairy,3,1,1,39,7.0,308,Friday,8,0
2023-08-18,Frozen Foods,3,1,1,20,172.0,282,Friday,8,0
2023-08-18,Fruits,4,2,2,80,2.0,602,Friday,8,0
2023-08-18,Other,14,7,7,326,154.5,2162,Friday,8,0
2023-08-18,Snacks,5,2,2,67,27.6,596,Friday,8,0
2023-08-19,Beverages,2,1,1,67,66.0,302,Saturday,8,1
2023-08-19,Dairy,5,2,2,106,2.0,580,Saturday,8,1
2023-08-19,Fruits,4,2,2,134,1.0,650,Saturday,8,1
2023-08-19,Other,8,4,4,192,146.25,1202,Saturday,8,1
2023-08-19,Snacks,1,1,1,56,61.0,328,Saturday,8,1
2023-08-20,Beverages,8,3,3,220,17.62,900,Sunday,8,1
2023-08-20,Dry Goods,3,1,1,52,316.0,318,Sunday,8,1
2023-08-20,Fruits,4,2,2,107,1.5,602,Sunday,8,1
2023-08-20,Other,3,1,1,48,130.0,286,Sunday,8,1
2023-08-20,Snacks,2,1,1,49,5.0,294,Sunday,8,1
2023-08-21,Beverages,2,1,1,34,146.0,280,Monday,8,0
2023-08-21,Dry Goods,5,2,2,98,203.4,562,Monday,8,0
2023-08-21,Frozen Foods,2,1,1,49,138.0,342,Monday,8,0
2023-08-21,Fruits,9,3,2,147,2.0,618,Monday,8,0
2023-08-21,Other,9,3,3,171,132.67,816,Monday,8,0
2023-08-22,Beverages,1,1,1,41,58.0,294,Tuesday,8,0
2023-08-22,Dairy,2,1,1,80,2.0,316,Tuesday,8,0
2023-08-22,Dry Goods,6,3,3,161,222.67,946,Tuesday,8,0
2023-08-22,Fruits,1,1,1,62,1.0,340,Tuesday,8,0
2023-08-22,Snacks,5,2,2,35,21.0,624,Tuesday,8,0
2023-08-23,Beverages,5,2,2,91,54.8,610,Wednesday,8,0
2023-08-23,Dairy,4,2,2,127,6.75,582,Wednesday,8,0
2023-08-23,Fruits,2,2,2,121,2.5,610,Wednesday,8,0
2023-08-23,Other,4,2,2,89,52.0,622,Wednesday,8,0
2023-08-24,Beverages,2,1,1,26,8.0,272,Thursday,8,0
2023-08-24,Dairy,8,4,4,232,4.38,1222,Thursday,8,0
2023-08-24,Frozen Foods,3,2,2,93,43.0,596,Thursday,8,0
2023-08-24,Fruits,5,2,2,139,2.2,620,Thursday,8,0
2023-08-24,Other,10,5,5,207,187.0,1494,Thursday,8,0
2023-08-25,Dry Goods,3,2,2,124,236.33,516,Friday,8,0
2023-08-25,Frozen Foods,5,2,2,54,138.4,538,Friday,8,0
2023-08-25,Other,12,5,5,271,211.17,1406,Friday,8,0
2023-08-26,Beverages,2,1,1,42,80.0,316,Saturday,8,1
2023-08-26,Dairy,12,5,5,195,2.67,1522,Saturday,8,1
2023-08-26,Fruits,3,2,2,91,2.33,544,Saturday,8,1
2023-08-26,Other,7,5,5,217,210.14,1418,Saturday,8,1
2023-08-27,Beverages,2,1,1,42,38.0,318,Sunday,8,1
2023-08-27,Dairy,2,1,1,62,5.0,282,Sunday,8,1
2023-08-27,Dry Goods,2,1,1,63,265.0,306,Sunday,8,1
2023-08-27,Frozen Foods,3,1,1,43,130.0,320,Sunday,8,1
2023-08-27,Fruits,1,1,1,33,2.0,298,Sunday,8,1
2023-08-27,Other,9,4,4,164,196.67,1192,Sunday,8,1
2023-08-28,Beverages,3,1,1,21,38.0,316,Monday,8,0
2023-08-28,Dairy,3,1,1,57,2.0,286,Monday,8,0
2023-08-28,Dry Goods,2,1,1,64,264.0,306,Monday,8,0
2023-08-28,Fruits,3,1,1,41,3.0,276,Monday,8,0
2023-08-28,Other,4,2,2,110,347.0,598,Monday,8,0
2023-08-29,Beverages,3,1,1,22,37.0,316,Tuesday,8,0
2023-08-29,Dairy,3,2,2,108,4.0,580,Tuesday,8,0
2023-08-29,Fruits,6,3,3,184,2.33,890,Tuesday,8,0
2023-08-29,Other,3,1,1,97,116.0,342,Tuesday,8,0
2023-08-30,Beverages,2,1,1,46,76.0,316,Wednesday,8,0
2023-08-30,Frozen Foods,1,1,1,83,23.0,302,Wednesday,8,0
2023-08-30,Fruits,3,1,1,78,3.0,288,Wednesday,8,0
2023-08-30,Other,9,5,5,228,78.44,1582,Wednesday,8,0
2023-08-31,Beverages,8,3,3,87,80.12,880,Thursday,8,0
2023-08-31,Dairy,2,1,1,63,5.0,280,Thursday,8,0
2023-08-31,Dry Goods,4,2,2,120,263.0,590,Thursday,8,0
2023-08-31,Frozen Foods,4,2,2,86,90.5,562,Thursday,8,0
2023-08-31,Other,3,2,2,88,90.0,628,Thursday,8,0
2023-09-01,Dry Goods,2,1,1,28,35.0,272,Friday,9,0
2023-09-01,Frozen Foods,6,3,3,136,92.17,882,Friday,9,0
2023-09-01,Fruits,2,2,2,127,2.0,632,Friday,9,0
2023-09-01,Other,3,1,1,19,50.0,286,Friday,9,0
2023-09-02,Fruits,3,1,1,77,1.0,310,Saturday,9,1
2023-09-02,Other,5,2,2,63,210.8,602,Saturday,9,1
2023-09-03,Frozen Foods,6,2,2,111,78.0,636,Sunday,9,1
2023-09-03,Other,1,1,1,56,190.0,264,Sunday,9,1
2023-09-04,Dairy,1,1,1,50,3.0,302,Monday,9,0
2023-09-04,Frozen Foods,3,1,1,44,133.0,304,Monday,9,0
2023-09-04,Other,15,6,6,176,158.0,1878,Monday,9,0
2023-09-04,Snacks,2,1,1,53,14.0,298,Monday,9,0
2023-09-05,Dairy,7,3,3,210,5.0,904,Tuesday,9,0
2023-09-05,Frozen Foods,3,1,1,44,135.0,244,Tuesday,9,0
2023-09-05,Fruits,5,2,2,84,2.4,600,Tuesday,9,0
2023-09-05,Other,14,7,7,297,167.43,2102,Tuesday,9,0
2023-09-06,Beverages,2,2,2,73,103.5,636,Wednesday,9,0
2023-09-06,Dry Goods,3,1,1,52,178.0,326,Wednesday,9,0
2023-09-06,Fruits,2,1,1,50,1.0,302,Wednesday,9,0
2023-09-06,Other,14,6,6,284,180.07,1790,Wednesday,9,0
2023-09-06,Snacks,5,3,3,114,28.6,962,Wednesday,9,0
2023-09-07,Beverages,1,1,1,30,152.0,306,Thursday,9,0
2023-09-07,Dairy,1,1,1,39,1.0,286,Thursday,9,0
2023-09-07,Dry Goods,5,2,2,78,315.4,614,Thursday,9,0
2023-09-07,Frozen Foods,4,2,2,32,74.0,556,Thursday,9,0
2023-09-07,Fruits,3,1,1,68,3.0,288,Thursday,9,0
2023-09-07,Other,4,2,2,63,65.75,658,Thursday,9,0
2023-09-07,Snacks,5,3,1,41,82.0,306,Thursday,9,0
2023-09-08,Dairy,3,2,2,118,2.0,600,Friday,9,0
2023-09-08,Dry Goods,2,1,1,56,73.0,306,Friday,9,0
2023-09-08,Fruits,3,1,1,50,3.0,292,Friday,9,0
2023-09-08,Other,4,2,2,79,43.75,634,Friday,9,0
2023-09-08,Snacks,1,1,1,46,12.0,304,Friday,9,0
2023-09-09,Beverages,3,2,2,64,46.67,628,Saturday,9,1
2023-09-09,Dairy,7,4,4,191,3.86,1136,Saturday,9,1
2023-09-09,Dry Goods,3,1,1,35,118.0,314,Saturday,9,1
2023-09-09,Frozen Foods,2,1,1,49,128.0,304,Saturday,9,1
2023-09-09,Other,12,7,7,373,169.75,2098,Saturday,9,1
2023-09-09,Snacks,3,1,1,24,40.0,328,Saturday,9,1
2023-09-10,Dairy,4,2,2,89,4.0,612,Sunday,9,1
2023-09-10,Dry Goods,2,1,1,20,328.0,304,Sunday,9,1
2023-09-10,Frozen Foods,2,1,1,31,12.0,302,Sunday,9,1
2023-09-10,Fruits,6,3,3,163,2.67,890,Sunday,9,1
2023-09-10,Other,9,5,5,210,229.33,1434,Sunday,9,1
2023-09-10,Snacks,1,1,1,64,83.0,314,Sunday,9,1
2023-09-11,Dairy,1,1,1,37,3.0,316,Monday,9,0
2023-09-11,Dry Goods,1,1,1,65,288.0,310,Monday,9,0
2023-09-11,Fruits,2,1,1,22,2.0,310,Monday,9,0
2023-09-11,Other,8,4,4,175,113.88,1190,Monday,9,0
2023-09-11,Snacks,2,1,1,42,72.0,288,Monday,9,0
2023-09-12,Dairy,3,1,1,26,1.0,276,Tuesday,9,0
2023-09-12,Dry Goods,3,1,1,65,308.0,300,Tuesday,9,0
2023-09-12,Frozen Foods,5,2,2,68,150.0,592,Tuesday,9,0
2023-09-12,Fruits,3,1,1,64,1.0,280,Tuesday,9,0
2023-09-12,Other,3,2,2,85,159.0,668,Tuesday,9,0
2023-09-13,Dairy,3,1,1,83,5.0,308,Wednesday,9,0
2023-09-13,Dry Goods,2,1,1,12,25.0,286,Wednesday,9,0
2023-09-13,Frozen Foods,3,1,1,72,9.0,316,Wednesday,9,0
2023-09-13,Other,6,3,3,109,205.0,974,Wednesday,9,0
2023-09-14,Beverages,2,1,1,57,77.0,274,Thursday,9,0
2023-09-14,Dairy,4,2,2,108,4.25,584,Thursday,9,0
2023-09-14,Frozen Foods,3,1,1,35,8.0,302,Thursday,9,0
2023-09-14,Fruits,3,1,1,58,2.0,302,Thursday,9,0
2023-09-14,Other,6,3,3,207,315.5,910,Thursday,9,0
2023-09-14,Snacks,2,1,1,43,22.0,314,Thursday,9,0
2023-09-15,Dairy,3,1,1,59,7.0,268,Friday,9,0
2023-09-15,Dry Goods,6,2,2,144,216.0,556,Friday,9,0
2023-09-15,Frozen Foods,2,1,1,74,8.0,292,Friday,9,0
2023-09-15,Other,10,6,6,281,156.1,1820,Friday,9,0
2023-09-15,Snacks,3,1,1,66,75.0,290,Friday,9,0
2023-09-16,Frozen Foods,3,1,1,49,143.0,282,Saturday,9,1
2023-09-16,Fruits,7,3,3,117,2.29,850,Saturday,9,1
2023-09-16,Other,5,3,3,114,250.6,874,Saturday,9,1
2023-09-17,Dry Goods,2,1,1,44,19.0,272,Sunday,9,1
2023-09-17,Other,8,4,4,254,100.38,1210,Sunday,9,1
2023-09-18,Beverages,1,1,1,13,99.0,312,Monday,9,0
2023-09-18,Dry Goods,3,1,1,85,243.0,306,Monday,9,0
2023-09-18,Frozen Foods,1,1,1,66,134.0,298,Monday,9,0
2023-09-18,Other,10,5,5,194,161.1,1436,Monday,9,0
2023-09-19,Dairy,2,1,1,41,7.0,296,Tuesday,9,0
2023-09-19,Dry Goods,3,1,1,84,163.0,280,Tuesday,9,0
2023-09-19,Other,8,5,5,257,75.12,1538,Tuesday,9,0
2023-09-19,Snacks,3,1,1,43,87.0,296,Tuesday,9,0
2023-09-20,Dairy,6,2,2,75,2.0,594,Wednesday,9,0
2023-09-20,Dry Goods,1,1,1,36,203.0,330,Wednesday,9,0
2023-09-20,Frozen Foods,1,1,1,53,139.0,282,Wednesday,9,0
2023-09-20,Fruits,3,2,2,114,2.67,610,Wednesday,9,0
2023-09-20,Other,2,1,1,27,197.0,304,Wednesday,9,0
2023-09-21,Dairy,3,2,2,103,4.33,520,Thursday,9,0
2023-09-21,Dry Goods,5,3,3,185,259.4,916,Thursday,9,0
2023-09-21,Fruits,3,1,1,39,1.0,318,Thursday,9,0
2023-09-22,Beverages,1,1,1,37,163.0,318,Friday,9,0
2023-09-22,Dairy,2,1,1,82,2.0,292,Friday,9,0
2023-09-22,Dry Goods,3,1,1,74,125.0,344,Friday,9,0
2023-09-22,Frozen Foods,2,1,1,25,105.0,286,Friday,9,0
2023-09-22,Fruits,1,1,1,33,3.0,310,Friday,9,0
2023-09-22,Other,7,3,3,137,211.0,1022,Friday,9,0
2023-09-23,Beverages,5,2,2,96,136.2,570,Saturday,9,1
2023-09-23,Dairy,6,3,3,82,4.33,914,Saturday,9,1
2023-09-23,Dry Goods,6,3,3,176,90.67,870,Saturday,9,1
2023-09-23,Frozen Foods,2,1,1,18,117.0,244,Saturday,9,1
2023-09-23,Other,8,3,3,188,81.25,938,Saturday,9,1
2023-09-24,Beverages,5,2,2,114,48.4,594,Sunday,9,1
2023-09-24,Dry Goods,5,2,2,123,51.0,628,Sunday,9,1
2023-09-24,Other,4,3,3,139,191.5,950,Sunday,9,1
2023-09-24,Snacks,3,1,1,26,66.0,290,Sunday,9,1
2023-09-25,Beverages,5,2,1,20,111.0,280,Monday,9,0
2023-09-25,Frozen Foods,3,1,1,73,127.0,298,Monday,9,0
2023-09-25,Fruits,3,1,1,49,1.0,318,Monday,9,0
2023-09-25,Other,7,4,4,191,142.86,1216,Monday,9,0
2023-09-26,Beverages,1,1,1,68,64.0,342,Tuesday,9,0
2023-09-26,Fruits,3,1,1,70,2.0,302,Tuesday,9,0
2023-09-26,Other,8,4,4,228,97.5,1272,Tuesday,9,0
2023-09-26,Snacks,4,2,2,55,54.0,604,Tuesday,9,0
2023-09-27,Beverages,2,1,1,33,167.0,290,Wednesday,9,0
2023-09-27,Dry Goods,1,1,1,43,196.0,330,Wednesday,9,0
2023-09-27,Frozen Foods,3,1,1,43,91.0,298,Wednesday,9,0
2023-09-27,Fruits,1,1,1,64,1.0,298,Wednesday,9,0
2023-09-27,Other,14,8,8,417,131.5,2304,Wednesday,9,0
2023-09-27,Snacks,6,2,2,90,50.5,642,Wednesday,9,0
2023-09-28,Beverages,4,2,2,123,35.0,616,Thursday,9,0
2023-09-28,Dairy,1,1,1,25,7.0,302,Thursday,9,0
2023-09-28,Fruits,4,2,2,100,2.0,634,Thursday,9,0
2023-09-28,Other,13,7,7,390,189.92,2130,Thursday,9,0
2023-09-28,Snacks,2,1,1,15,36.0,288,Thursday,9,0
2023-09-29,Dry Goods,6,2,2,73,138.5,594,Friday,9,0
2023-09-29,Fruits,2,1,1,90,2.0,288,Friday,9,0
2023-09-29,Other,4,2,2,83,260.0,592,Friday,9,0
2023-09-29,Snacks,2,1,1,58,7.0,314,Friday,9,0
2023-09-30,Dairy,4,2,2,111,5.0,630,Saturday,9,1
2023-09-30,Dry Goods,2,1,1,57,6.0,272,Saturday,9,1
2023-09-30,Fruits,3,1,1,46,2.0,306,Saturday,9,1
2023-09-30,Other,6,3,3,146,235.0,874,Saturday,9,1
2023-10-01,Dairy,3,2,2,84,4.0,642,Sunday,10,1
2023-10-01,Frozen Foods,2,1,1,40,95.0,320,Sunday,10,1
2023-10-01,Other,3,2,2,133,277.0,632,Sunday,10,1
2023-10-02,Dairy,7,3,2,89,3.86,580,Monday,10,0
2023-10-02,Frozen Foods,6,2,2,115,145.0,614,Monday,10,0
2023-10-02,Fruits,3,1,1,31,2.0,328,Monday,10,0
2023-10-02,Other,6,3,3,108,119.5,950,Monday,10,0
2023-10-02,Snacks,3,2,2,81,31.67,576,Monday,10,0
2023-10-03,Beverages,1,1,1,29,16.0,294,Tuesday,10,0
2023-10-03,Dairy,3,2,2,67,3.0,600,Tuesday,10,0
2023-10-03,Dry Goods,1,1,1,60,38.0,322,Tuesday,10,0
2023-10-03,Fruits,6,2,2,129,1.0,626,Tuesday,10,0
2023-10-03,Other,7,5,5,256,225.43,1446,Tuesday,10,0
2023-10-03,Snacks,6,3,3,156,13.33,936,Tuesday,10,0
2023-10-04,Dairy,2,1,1,73,3.0,306,Wednesday,10,0
2023-10-04,Frozen Foods,2,1,1,42,101.0,292,Wednesday,10,0
2023-10-04,Fruits,4,2,2,104,2.0,608,Wednesday,10,0
2023-10-04,Other,17,7,7,290,242.12,2074,Wednesday,10,0
2023-10-04,Snacks,5,2,2,80,27.4,644,Wednesday,10,0
2023-10-05,Dairy,2,1,1,29,2.0,298,Thursday,10,0
2023-10-05,Dry Goods,5,2,2,64,58.4,570,Thursday,10,0
2023-10-05,Other,7,3,3,139,172.43,898,Thursday,10,0
2023-10-06,Dry Goods,2,1,1,85,244.0,276,Friday,10,0
2023-10-06,Other,3,2,2,131,170.67,602,Friday,10,0
2023-10-07,Dairy,1,1,1,79,1.0,308,Saturday,10,1
2023-10-07,Frozen Foods,3,1,1,32,103.0,320,Saturday,10,1
2023-10-07,Other,18,8,8,368,258.11,2312,Saturday,10,1
2023-10-08,Dairy,4,2,2,68,6.5,614,Sunday,10,1
2023-10-08,Frozen Foods,3,1,1,17,142.0,300,Sunday,10,1
2023-10-08,Fruits,1,1,1,83,2.0,326,Sunday,10,1
2023-10-08,Other,3,1,1,89,326.0,316,Sunday,10,1
2023-10-08,Snacks,3,2,2,118,34.0,606,Sunday,10,1
2023-10-09,Dairy,5,3,2,72,2.8,582,Monday,10,0
2023-10-09,Frozen Foods,4,2,2,76,97.75,530,Monday,10,0
2023-10-09,Fruits,2,1,1,53,1.0,280,Monday,10,0
2023-10-09,Other,19,8,8,470,192.26,2398,Monday,10,0
2023-10-10,Frozen Foods,3,1,1,39,163.0,292,Tuesday,10,0
2023-10-10,Fruits,6,3,2,140,2.67,634,Tuesday,10,0
2023-10-10,Other,6,3,3,67,234.33,998,Tuesday,10,0
2023-10-10,Snacks,1,1,1,64,66.0,296,Tuesday,10,0
2023-10-11,Beverages,3,2,2,61,64.33,622,Wednesday,10,0
2023-10-11,Dairy,3,1,1,53,1.0,304,Wednesday,10,0
2023-10-11,Dry Goods,1,1,1,32,141.0,280,Wednesday,10,0
2023-10-11,Frozen Foods,3,1,1,26,80.0,294,Wednesday,10,0
2023-10-11,Fruits,3,2,2,65,2.67,572,Wednesday,10,0
2023-10-11,Other,3,1,1,32,55.0,308,Wednesday,10,0
2023-10-12,Dairy,4,2,2,129,2.5,616,Thursday,10,0
2023-10-12,Fruits,3,1,1,60,1.0,300,Thursday,10,0
2023-10-12,Other,14,6,6,263,205.79,1792,Thursday,10,0
2023-10-12,Snacks,2,1,1,44,48.0,290,Thursday,10,0
2023-10-13,Beverages,3,1,1,38,74.0,312,Friday,10,0
2023-10-13,Dairy,3,1,1,69,6.0,316,Friday,10,0
2023-10-13,Dry Goods,3,1,1,30,240.0,262,Friday,10,0
2023-10-13,Fruits,2,1,1,35,2.0,276,Friday,10,0
2023-10-13,Other,3,1,1,96,150.0,264,Friday,10,0
2023-10-13,Snacks,1,1,1,66,53.0,304,Friday,10,0
2023-10-14,Beverages,3,1,1,28,46.0,342,Saturday,10,1
2023-10-14,Fruits,4,2,2,125,2.0,640,Saturday,10,1
2023-10-14,Other,8,4,4,173,261.62,1140,Saturday,10,1
2023-10-15,Beverages,2,1,1,27,173.0,320,Sunday,10,1
2023-10-15,Dairy,6,2,2,129,5.5,610,Sunday,10,1
2023-10-15,Dry Goods,3,1,1,44,358.0,286,Sunday,10,1
2023-10-15,Fruits,2,2,2,123,1.5,598,Sunday,10,1
2023-10-15,Other,13,8,8,329,203.38,2440,Sunday,10,1
2023-10-16,Beverages,2,1,1,30,44.0,342,Monday,10,0
2023-10-16,Dairy,6,4,4,181,4.33,1232,Monday,10,0
2023-10-16,Dry Goods,1,1,1,62,177.0,330,Monday,10,0
2023-10-16,Frozen Foods,1,1,1,52,179.0,284,Monday,10,0
2023-10-16,Other,3,1,1,43,73.0,286,Monday,10,0
2023-10-17,Beverages,3,1,1,33,112.0,306,Tuesday,10,0
2023-10-17,Dairy,3,1,1,47,1.0,286,Tuesday,10,0
2023-10-17,Frozen Foods,1,1,1,68,155.0,302,Tuesday,10,0
2023-10-17,Fruits,9,3,3,139,2.0,848,Tuesday,10,0
2023-10-17,Other,6,2,2,116,118.5,646,Tuesday,10,0
2023-10-17,Snacks,1,1,1,61,40.0,284,Tuesday,10,0
2023-10-18,Other,11,5,5,214,112.09,1524,Wednesday,10,0
2023-10-19,Dairy,2,1,1,81,2.0,302,Thursday,10,0
2023-10-19,Frozen Foods,3,1,1,44,91.0,320,Thursday,10,0
2023-10-19,Fruits,1,1,1,37,1.0,272,Thursday,10,0
2023-10-19,Other,6,4,4,240,84.0,1216,Thursday,10,0
2023-10-20,Fruits,3,1,1,41,2.0,298,Friday,10,0
2023-10-20,Other,10,4,4,241,221.2,1208,Friday,10,0
2023-10-21,Beverages,3,1,1,51,127.0,292,Saturday,10,1
2023-10-21,Dairy,4,2,2,103,3.25,600,Saturday,10,1
2023-10-21,Fruits,3,1,1,40,1.0,294,Saturday,10,1
2023-10-21,Other,2,2,2,69,246.5,566,Saturday,10,1
2023-10-22,Dairy,8,3,3,120,5.0,862,Sunday,10,1
2023-10-22,Fruits,2,1,1,50,3.0,302,Sunday,10,1
2023-10-22,Other,7,3,3,127,206.57,850,Sunday,10,1
2023-10-23,Fruits,4,2,2,89,2.75,608,Monday,10,0
2023-10-23,Other,8,5,5,218,115.88,1496,Monday,10,0
2023-10-23,Snacks,3,1,1,58,45.0,318,Monday,10,0
2023-10-24,Dairy,2,1,1,48,4.0,298,Tuesday,10,0
2023-10-24,Dry Goods,3,2,2,100,174.0,580,Tuesday,10,0
2023-10-24,Frozen Foods,2,1,1,39,67.0,294,Tuesday,10,0
2023-10-24,Fruits,1,1,1,36,3.0,320,Tuesday,10,0
2023-10-24,Other,22,9,9,399,212.27,2600,Tuesday,10,0
2023-10-25,Fruits,2,1,1,31,3.0,280,Wednesday,10,0
2023-10-25,Other,5,3,3,157,100.0,852,Wednesday,10,0
2023-10-25,Snacks,1,1,1,76,51.0,314,Wednesday,10,0
2023-10-26,Dairy,5,2,2,117,3.6,614,Thursday,10,0
2023-10-26,Dry Goods,1,1,1,55,84.0,290,Thursday,10,0
2023-10-26,Other,2,1,1,34,288.0,354,Thursday,10,0
2023-10-26,Snacks,2,1,1,85,3.0,316,Thursday,10,0
2023-10-27,Dairy,6,2,2,124,4.0,584,Friday,10,0
2023-10-27,Frozen Foods,2,1,1,46,71.0,342,Friday,10,0
2023-10-27,Other,5,2,2,61,167.4,610,Friday,10,0
2023-10-28,Beverages,4,2,2,105,54.75,566,Saturday,10,1
2023-10-28,Dairy,3,1,1,51,6.0,268,Saturday,10,1
2023-10-28,Dry Goods,2,1,1,35,232.0,308,Saturday,10,1
2023-10-28,Frozen Foods,7,3,3,139,118.0,922,Saturday,10,1
2023-10-28,Other,10,4,4,297,177.5,1206,Saturday,10,1
2023-10-28,Snacks,1,1,1,59,26.0,294,Saturday,10,1
2023-10-29,Beverages,4,2,2,108,57.0,632,Sunday,10,1
2023-10-29,Dairy,1,1,1,36,4.0,304,Sunday,10,1
2023-10-29,Other,11,4,4,232,168.91,1212,Sunday,10,1
2023-10-29,Snacks,2,1,1,36,8.0,322,Sunday,10,1
2023-10-30,Beverages,1,1,1,31,154.0,318,Monday,10,0
2023-10-30,Fruits,5,2,2,78,1.0,638,Monday,10,0
2023-10-30,Other,8,4,4,189,195.25,1166,Monday,10,0
2023-10-31,Beverages,1,1,1,30,168.0,294,Tuesday,10,0
2023-10-31,Dairy,6,3,3,85,6.67,908,Tuesday,10,0
2023-10-31,Frozen Foods,2,1,1,82,141.0,302,Tuesday,10,0
2023-10-31,Other,3,2,2,90,255.0,606,Tuesday,10,0
2023-11-01,Beverages,5,3,3,148,79.8,904,Wednesday,11,0
2023-11-01,Dairy,5,2,2,55,5.0,578,Wednesday,11,0
2023-11-01,Dry Goods,3,1,1,42,339.0,272,Wednesday,11,0
2023-11-01,Fruits,1,1,1,81,1.0,310,Wednesday,11,0
2023-11-01,Other,7,4,4,182,238.57,1160,Wednesday,11,0
2023-11-01,Snacks,3,2,2,100,39.67,596,Wednesday,11,0
2023-11-02,Frozen Foods,3,1,1,48,58.0,294,Thursday,11,0
2023-11-02,Fruits,2,2,2,79,2.5,560,Thursday,11,0
2023-11-02,Other,16,7,7,312,158.19,2124,Thursday,11,0
2023-11-02,Snacks,8,3,3,132,28.5,886,Thursday,11,0
2023-11-03,Beverages,1,1,1,35,150.0,318,Friday,11,0
2023-11-03,Dry Goods,2,1,1,59,17.0,306,Friday,11,0
2023-11-03,Frozen Foods,3,1,1,24,71.0,292,Friday,11,0
2023-11-03,Other,16,7,7,363,141.44,2198,Friday,11,0
2023-11-03,Snacks,2,1,1,26,75.0,328,Friday,11,0
2023-11-04,Dry Goods,1,1,1,64,75.0,290,Saturday,11,1
2023-11-04,Fruits,3,1,1,64,2.0,328,Saturday,11,1
2023-11-04,Other,22,9,9,278,211.77,2714,Saturday,11,1
2023-11-05,Dairy,1,1,1,26,3.0,276,Sunday,11,1
2023-11-05,Other,14,6,5,217,156.5,1486,Sunday,11,1
2023-11-06,Dry Goods,6,2,2,112,155.5,608,Monday,11,0
2023-11-06,Frozen Foods,2,1,1,21,158.0,284,Monday,11,0
2023-11-06,Fruits,2,1,1,43,3.0,280,Monday,11,0
2023-11-06,Other,8,3,3,200,114.62,882,Monday,11,0
2023-11-06,Snacks,3,1,1,38,12.0,314,Monday,11,0
2023-11-07,Dry Goods,1,1,1,53,3.0,322,Tuesday,11,0
2023-11-07,Other,8,3,3,170,233.25,850,Tuesday,11,0
2023-11-08,Beverages,1,1,1,38,160.0,294,Wednesday,11,0
2023-11-08,Other,10,5,5,204,156.9,1448,Wednesday,11,0
2023-11-08,Snacks,4,2,2,82,29.0,614,Wednesday,11,0
2023-11-09,Fruits,2,1,1,68,3.0,288,Thursday,11,0
2023-11-09,Other,7,3,3,152,210.0,978,Thursday,11,0
2023-11-10,Dairy,3,1,1,31,5.0,276,Friday,11,0
2023-11-10,Dry Goods,2,1,1,20,249.0,300,Friday,11,0
2023-11-10,Fruits,5,2,2,167,2.4,598,Friday,11,0
2023-11-10,Other,8,3,3,104,262.25,840,Friday,11,0
2023-11-10,Snacks,4,2,2,113,61.0,592,Friday,11,0
2023-11-11,Dairy,1,1,1,37,3.0,304,Saturday,11,1
2023-11-11,Frozen Foods,3,1,1,32,63.0,292,Saturday,11,1
2023-11-11,Other,8,3,3,153,189.38,848,Saturday,11,1
2023-11-11,Snacks,2,1,1,27,34.0,314,Saturday,11,1
2023-11-12,Dairy,3,1,1,41,6.0,306,Sunday,11,1
2023-11-12,Dry Goods,3,1,1,35,4.0,314,Sunday,11,1
2023-11-12,Frozen Foods,3,2,2,144,62.67,606,Sunday,11,1
2023-11-12,Fruits,2,1,1,20,1.0,318,Sunday,11,1
2023-11-12,Other,3,1,1,53,316.0,296,Sunday,11,1
2023-11-12,Snacks,2,1,1,51,20.0,314,Sunday,11,1
2023-11-13,Dairy,3,1,1,40,2.0,292,Monday,11,0
2023-11-13,Dry Goods,1,1,1,73,66.0,290,Monday,11,0
2023-11-13,Fruits,2,1,1,35,2.0,264,Monday,11,0
2023-11-13,Other,4,3,3,127,203.5,922,Monday,11,0
2023-11-13,Snacks,4,2,2,84,46.25,620,Monday,11,0
2023-11-14,Dairy,5,2,2,106,2.6,584,Tuesday,11,0
2023-11-14,Dry Goods,1,1,1,37,2.0,314,Tuesday,11,0
2023-11-14,Other,5,2,2,98,207.2,588,Tuesday,11,0
2023-11-14,Snacks,2,1,1,76,9.0,294,Tuesday,11,0
2023-11-15,Beverages,2,2,2,116,107.0,568,Wednesday,11,0
2023-11-15,Dairy,4,2,2,118,2.75,590,Wednesday,11,0
2023-11-15,Dry Goods,3,1,1,63,207.0,262,Wednesday,11,0
2023-11-15,Frozen Foods,2,1,1,47,50.0,320,Wednesday,11,0
2023-11-15,Fruits,3,1,1,87,3.0,310,Wednesday,11,0
2023-11-15,Other,9,4,4,170,229.56,1144,Wednesday,11,0
2023-11-15,Snacks,2,1,1,45,73.0,316,Wednesday,11,0
2023-11-16,Dairy,2,2,2,93,4.0,608,Thursday,11,0
2023-11-16,Dry Goods,8,4,4,210,34.25,1182,Thursday,11,0
2023-11-16,Frozen Foods,3,1,1,31,51.0,342,Thursday,11,0
2023-11-16,Other,8,5,5,233,116.88,1468,Thursday,11,0
2023-11-16,Snacks,1,1,1,30,29.0,296,Thursday,11,0
2023-11-17,Dairy,1,1,1,74,2.0,292,Friday,11,0
2023-11-17,Dry Goods,3,1,1,60,106.0,326,Friday,11,0
2023-11-17,Frozen Foods,3,1,1,49,48.0,320,Friday,11,0
2023-11-17,Fruits,3,1,1,45,1.0,340,Friday,11,0
2023-11-17,Other,16,6,6,336,71.44,1766,Friday,11,0
2023-11-17,Snacks,2,1,1,37,30.0,298,Friday,11,0
2023-11-18,Other,10,4,4,202,207.6,1242,Saturday,11,1
2023-11-18,Snacks,3,1,1,57,55.0,296,Saturday,11,1
2023-11-19,Dairy,7,3,3,91,3.71,904,Sunday,11,1
2023-11-19,Dry Goods,3,2,2,118,192.0,594,Sunday,11,1
2023-11-19,Frozen Foods,1,1,1,38,122.0,302,Sunday,11,1
2023-11-19,Other,6,4,4,179,87.0,1152,Sunday,11,1
2023-11-19,Snacks,3,1,1,22,4.0,294,Sunday,11,1
2023-11-20,Beverages,3,2,2,94,50.67,658,Monday,11,0
2023-11-20,Dairy,6,2,2,117,2.5,588,Monday,11,0
2023-11-20,Fruits,1,1,1,26,1.0,298,Monday,11,0
2023-11-20,Other,1,1,1,67,209.0,302,Monday,11,0
2023-11-20,Snacks,4,2,2,84,5.5,580,Monday,11,0
2023-11-21,Beverages,1,1,1,14,98.0,298,Tuesday,11,0
2023-11-21,Dairy,4,2,2,71,5.5,584,Tuesday,11,0
2023-11-21,Dry Goods,3,1,1,41,256.0,304,Tuesday,11,0
2023-11-21,Frozen Foods,2,1,1,33,58.0,244,Tuesday,11,0
2023-11-21,Fruits,1,1,1,31,1.0,306,Tuesday,11,0
2023-11-21,Other,5,2,2,79,123.2,604,Tuesday,11,0
2023-11-21,Snacks,1,1,1,39,60.0,306,Tuesday,11,0
2023-11-22,Beverages,3,1,1,32,76.0,306,Wednesday,11,0
2023-11-22,Dairy,5,2,2,81,2.8,628,Wednesday,11,0
2023-11-22,Dry Goods,3,1,1,29,140.0,330,Wednesday,11,0
2023-11-22,Frozen Foods,2,1,1,86,44.0,286,Wednesday,11,0
2023-11-22,Fruits,1,1,1,50,2.0,340,Wednesday,11,0
2023-11-22,Other,13,5,5,247,109.23,1592,Wednesday,11,0
2023-11-22,Snacks,8,3,3,115,35.12,898,Wednesday,11,0
2023-11-23,Frozen Foods,3,1,1,42,118.0,302,Thursday,11,0
2023-11-23,Other,6,2,2,64,217.5,648,Thursday,11,0
2023-11-23,Snacks,2,1,1,28,12.0,304,Thursday,11,0
2023-11-24,Beverages,2,2,2,133,79.0,556,Friday,11,0
2023-11-24,Dairy,1,1,1,81,3.0,308,Friday,11,0
2023-11-24,Dry Goods,3,2,2,147,74.33,670,Friday,11,0
2023-11-24,Other,7,3,3,120,220.14,852,Friday,11,0
2023-11-24,Snacks,5,2,2,87,53.2,598,Friday,11,0
2023-11-25,Dry Goods,3,1,1,86,110.0,304,Saturday,11,1
2023-11-25,Frozen Foods,3,1,1,54,129.0,302,Saturday,11,1
2023-11-25,Fruits,2,1,1,34,2.0,328,Saturday,11,1
2023-11-25,Other,6,5,5,244,154.0,1532,Saturday,11,1
2023-11-25,Snacks,3,1,1,31,37.0,292,Saturday,11,1
2023-11-26,Beverages,2,1,1,49,123.0,314,Sunday,11,1
2023-11-26,Dairy,3,1,1,88,2.0,314,Sunday,11,1
2023-11-26,Dry Goods,3,2,2,74,156.33,608,Sunday,11,1
2023-11-26,Other,6,4,4,212,306.5,1190,Sunday,11,1
2023-11-26,Snacks,3,1,1,44,55.0,306,Sunday,11,1
2023-11-27,Dairy,2,2,2,85,3.0,626,Monday,11,0
2023-11-27,Dry Goods,2,2,2,149,95.0,606,Monday,11,0
2023-11-27,Frozen Foods,1,1,1,61,64.0,298,Monday,11,0
2023-11-27,Other,8,5,5,238,178.25,1480,Monday,11,0
2023-11-27,Snacks,4,2,2,140,68.0,636,Monday,11,0
2023-11-28,Beverages,3,2,2,167,31.0,566,Tuesday,11,0
2023-11-28,Other,10,5,5,319,233.2,1552,Tuesday,11,0
2023-11-29,Dairy,3,2,2,149,3.0,582,Wednesday,11,0
2023-11-29,Dry Goods,1,1,1,36,133.0,330,Wednesday,11,0
2023-11-29,Frozen Foods,3,1,1,49,69.0,282,Wednesday,11,0
2023-11-29,Other,6,3,3,172,181.17,792,Wednesday,11,0
2023-11-29,Snacks,5,2,2,73,34.4,584,Wednesday,11,0
2023-11-30,Dry Goods,1,1,1,53,351.0,314,Thursday,11,0
2023-11-30,Frozen Foods,4,2,1,45,37.0,342,Thursday,11,0
2023-11-30,Fruits,4,2,2,96,2.5,594,Thursday,11,0
2023-11-30,Other,3,2,2,109,107.67,572,Thursday,11,0
2023-12-01,Beverages,3,2,2,57,97.67,562,Friday,12,0
2023-12-01,Dry Goods,3,2,2,77,248.67,570,Friday,12,0
2023-12-01,Fruits,1,1,1,90,2.0,288,Friday,12,0
2023-12-01,Other,2,1,1,56,100.0,262,Friday,12,0
2023-12-01,Snacks,2,2,2,101,67.0,616,Friday,12,0
2023-12-02,Beverages,2,1,1,67,144.0,282,Saturday,12,1
2023-12-02,Dry Goods,4,2,2,101,247.5,548,Saturday,12,1
2023-12-02,Frozen Foods,2,1,1,37,47.0,320,Saturday,12,1
2023-12-02,Other,2,1,1,27,286.0,294,Saturday,12,1
2023-12-02,Snacks,6,2,2,102,63.5,602,Saturday,12,1
2023-12-03,Beverages,1,1,1,40,120.0,318,Sunday,12,1
2023-12-03,Dairy,5,2,2,81,6.0,620,Sunday,12,1
2023-12-03,Dry Goods,2,1,1,36,196.0,308,Sunday,12,1
2023-12-03,Frozen Foods,3,1,1,45,46.0,244,Sunday,12,1
2023-12-03,Other,5,4,4,161,143.2,1288,Sunday,12,1
2023-12-04,Beverages,1,1,1,43,120.0,316,Monday,12,0
2023-12-04,Dairy,2,1,1,34,1.0,280,Monday,12,0
2023-12-04,Other,8,3,3,159,133.0,922,Monday,12,0
2023-12-04,Snacks,2,1,1,54,13.0,298,Monday,12,0
2023-12-05,Dairy,3,1,1,51,6.0,272,Tuesday,12,0
2023-12-05,Dry Goods,1,1,1,53,272.0,292,Tuesday,12,0
2023-12-05,Frozen Foods,2,1,1,47,44.0,244,Tuesday,12,0
2023-12-05,Fruits,2,2,2,84,1.0,598,Tuesday,12,0
2023-12-05,Other,8,3,2,109,236.25,570,Tuesday,12,0
2023-12-06,Beverages,2,1,1,32,174.0,274,Wednesday,12,0
2023-12-06,Dry Goods,5,2,1,79,183.0,276,Wednesday,12,0
2023-12-06,Fruits,6,2,2,103,2.0,630,Wednesday,12,0
2023-12-06,Other,11,5,5,237,134.82,1540,Wednesday,12,0
2023-12-06,Snacks,1,1,1,66,52.0,316,Wednesday,12,0
2023-12-07,Beverages,3,1,1,33,173.0,274,Thursday,12,0
2023-12-07,Dry Goods,2,2,2,74,101.0,516,Thursday,12,0
2023-12-07,Fruits,5,3,3,163,1.8,948,Thursday,12,0
2023-12-07,Other,12,5,5,172,177.42,1484,Thursday,12,0
2023-12-07,Snacks,2,2,2,108,46.0,588,Thursday,12,0
2023-12-08,Beverages,4,2,2,144,101.5,600,Friday,12,0
2023-12-08,Fruits,4,2,2,74,2.25,558,Friday,12,0
2023-12-08,Other,7,3,3,192,187.29,972,Friday,12,0
2023-12-08,Snacks,4,2,2,95,42.0,568,Friday,12,0
2023-12-09,Dairy,2,1,1,70,6.0,282,Saturday,12,1
2023-12-09,Dry Goods,3,1,1,37,205.0,318,Saturday,12,1
2023-12-09,Fruits,11,6,6,222,2.27,1820,Saturday,12,1
2023-12-09,Other,8,4,4,163,278.12,1190,Saturday,12,1
2023-12-09,Snacks,3,2,2,130,8.33,576,Saturday,12,1
2023-12-10,Beverages,5,2,2,89,83.2,606,Sunday,12,1
2023-12-10,Dairy,3,2,2,98,5.0,552,Sunday,12,1
2023-12-10,Dry Goods,2,2,2,73,173.0,616,Sunday,12,1
2023-12-10,Frozen Foods,4,2,2,126,42.0,542,Sunday,12,1
2023-12-10,Fruits,3,2,2,49,2.33,596,Sunday,12,1
2023-12-10,Other,4,4,4,220,99.75,1252,Sunday,12,1
2023-12-10,Snacks,3,2,2,89,51.0,592,Sunday,12,1
2023-12-11,Beverages,2,1,1,69,84.0,270,Monday,12,0
2023-12-11,Dry Goods,6,2,2,110,242.0,592,Monday,12,0
2023-12-11,Frozen Foods,2,1,1,21,26.0,342,Monday,12,0
2023-12-11,Other,4,2,2,105,60.25,638,Monday,12,0
2023-12-12,Dry Goods,3,1,1,46,333.0,322,Tuesday,12,0
2023-12-12,Frozen Foods,6,2,2,69,34.5,536,Tuesday,12,0
2023-12-12,Other,9,5,5,285,115.44,1524,Tuesday,12,0
2023-12-12,Snacks,5,2,2,104,82.0,632,Tuesday,12,0
2023-12-13,Beverages,6,3,3,165,72.5,858,Wednesday,12,0
2023-12-13,Dairy,3,1,1,67,1.0,316,Wednesday,12,0
2023-12-13,Fruits,1,1,1,67,1.0,310,Wednesday,12,0
2023-12-13,Other,6,4,4,151,129.0,1146,Wednesday,12,0
2023-12-13,Snacks,2,1,1,57,2.0,296,Wednesday,12,0
2023-12-14,Dairy,2,2,2,94,3.0,604,Thursday,12,0
2023-12-14,Frozen Foods,3,1,1,53,32.0,304,Thursday,12,0
2023-12-14,Other,8,5,5,287,287.25,1468,Thursday,12,0
2023-12-15,Dairy,2,1,1,76,4.0,308,Friday,12,0
2023-12-15,Dry Goods,2,1,1,93,177.0,262,Friday,12,0
2023-12-15,Fruits,4,2,2,85,3.0,568,Friday,12,0
2023-12-15,Other,7,3,3,161,239.29,886,Friday,12,0
2023-12-15,Snacks,4,2,2,86,23.0,608,Friday,12,0
2023-12-16,Beverages,2,1,1,53,107.0,318,Saturday,12,1
2023-12-16,Dairy,1,1,1,29,6.0,282,Saturday,12,1
2023-12-16,Other,5,2,2,138,146.8,622,Saturday,12,1
2023-12-17,Dairy,2,1,1,52,6.0,322,Sunday,12,1
2023-12-17,Dry Goods,3,1,1,36,362.0,268,Sunday,12,1
2023-12-17,Fruits,4,2,1,79,1.0,326,Sunday,12,1
2023-12-17,Other,12,5,5,255,212.33,1474,Sunday,12,1
2023-12-18,Beverages,1,1,1,57,106.0,316,Monday,12,0
2023-12-18,Dairy,5,2,2,104,2.6,608,Monday,12,0
2023-12-18,Other,7,4,4,158,291.29,1184,Monday,12,0
2023-12-19,Beverages,6,2,2,111,67.5,556,Tuesday,12,0
2023-12-19,Dry Goods,3,1,1,49,293.0,286,Tuesday,12,0
2023-12-19,Fruits,3,1,1,50,3.0,272,Tuesday,12,0
2023-12-19,Other,5,3,3,114,210.4,928,Tuesday,12,0
2023-12-20,Dairy,1,1,1,34,7.0,292,Wednesday,12,0
2023-12-20,Dry Goods,1,1,1,53,335.0,306,Wednesday,12,0
2023-12-20,Frozen Foods,3,1,1,33,48.0,282,Wednesday,12,0
2023-12-20,Fruits,2,1,1,49,1.0,280,Wednesday,12,0
2023-12-20,Other,5,2,2,83,45.2,590,Wednesday,12,0
2023-12-20,Snacks,8,3,3,132,57.0,880,Wednesday,12,0
2023-12-21,Dry Goods,3,1,1,62,181.0,248,Thursday,12,0
2023-12-21,Fruits,8,4,4,210,2.5,1214,Thursday,12,0
2023-12-21,Other,14,8,8,343,216.29,2378,Thursday,12,0
2023-12-21,Snacks,5,2,2,50,57.6,624,Thursday,12,0
2023-12-22,Dry Goods,6,2,2,97,91.0,650,Friday,12,0
2023-12-22,Other,6,3,3,175,181.0,972,Friday,12,0
2023-12-22,Snacks,6,2,2,99,41.5,592,Friday,12,0
2023-12-23,Beverages,1,1,1,88,123.0,282,Saturday,12,1
2023-12-23,Dairy,2,1,1,42,7.0,276,Saturday,12,1
2023-12-23,Frozen Foods,1,1,1,53,89.0,292,Saturday,12,1
2023-12-23,Other,5,3,3,118,138.2,846,Saturday,12,1
2023-12-23,Snacks,4,2,2,64,79.25,604,Saturday,12,1
2023-12-24,Dairy,4,3,3,119,4.25,900,Sunday,12,1
2023-12-24,Dry Goods,5,3,3,152,222.2,864,Sunday,12,1
2023-12-24,Other,9,5,5,256,165.22,1478,Sunday,12,1
2023-12-24,Snacks,1,1,1,53,37.0,270,Sunday,12,1
2023-12-25,Dairy,3,2,2,78,4.67,570,Monday,12,0
2023-12-25,Frozen Foods,3,1,1,40,99.0,302,Monday,12,0
2023-12-25,Fruits,3,1,1,64,2.0,328,Monday,12,0
2023-12-25,Other,7,4,4,132,239.0,1228,Monday,12,0
2023-12-26,Beverages,2,1,1,40,138.0,316,Tuesday,12,0
2023-12-26,Dry Goods,1,1,1,59,173.0,308,Tuesday,12,0
2023-12-26,Fruits,1,1,1,20,2.0,284,Tuesday,12,0
2023-12-27,Dry Goods,2,1,1,22,165.0,262,Wednesday,12,0
2023-12-27,Fruits,1,1,1,30,1.0,308,Wednesday,12,0
2023-12-27,Other,5,3,3,133,144.6,906,Wednesday,12,0
2023-12-27,Snacks,4,2,2,64,36.0,642,Wednesday,12,0
2023-12-28,Beverages,1,1,1,54,115.0,302,Thursday,12,0
2023-12-28,Dairy,1,1,1,71,3.0,312,Thursday,12,0
2023-12-28,Other,14,6,5,262,189.07,1528,Thursday,12,0
2023-12-28,Snacks,4,2,2,115,9.0,610,Thursday,12,0
2023-12-29,Other,4,2,2,110,194.0,584,Friday,12,0
2023-12-29,Snacks,2,1,1,62,54.0,294,Friday,12,0
2023-12-30,Dry Goods,5,2,2,121,117.2,636,Saturday,12,1
2023-12-30,Other,11,6,5,237,150.45,1440,Saturday,12,1
2023-12-30,Snacks,4,2,2,105,53.0,558,Saturday,12,1
2023-12-31,Dry Goods,6,3,3,160,176.5,874,Sunday,12,1
2023-12-31,Fruits,1,1,1,71,3.0,306,Sunday,12,1
2023-12-31,Other,2,1,1,33,263.0,278,Sunday,12,1
2024-01-01,Dairy,2,1,1,65,4.0,268,Monday,1,0
2024-01-01,Frozen Foods,1,1,1,67,17.0,320,Monday,1,0
2024-01-01,Fruits,3,1,1,51,1.0,300,Monday,1,0
2024-01-01,Other,8,3,3,75,169.5,930,Monday,1,0
2024-01-01,Snacks,7,3,3,183,53.29,884,Monday,1,0
2024-01-02,Beverages,1,1,1,63,57.0,272,Tuesday,1,0
2024-01-02,Other,9,4,4,172,142.11,1252,Tuesday,1,0
2024-01-03,Beverages,1,1,1,25,58.0,280,Wednesday,1,0
2024-01-03,Dairy,3,2,2,55,5.67,556,Wednesday,1,0
2024-01-03,Frozen Foods,1,1,1,37,10.0,292,Wednesday,1,0
2024-01-03,Other,7,3,3,158,100.57,886,Wednesday,1,0
2024-01-03,Snacks,8,3,2,111,49.75,578,Wednesday,1,0
2024-01-04,Beverages,5,2,1,38,33.0,306,Thursday,1,0
2024-01-04,Dairy,3,1,1,24,1.0,286,Thursday,1,0
2024-01-04,Dry Goods,3,1,1,23,194.0,300,Thursday,1,0
2024-01-04,Fruits,2,2,2,141,1.0,606,Thursday,1,0
2024-01-04,Other,8,4,4,160,161.38,1230,Thursday,1,0
2024-01-04,Snacks,3,1,1,20,90.0,314,Thursday,1,0
2024-01-05,Beverages,1,1,1,24,9.0,280,Friday,1,0
2024-01-05,Dairy,2,1,1,25,7.0,286,Friday,1,0
2024-01-05,Dry Goods,1,1,1,68,69.0,304,Friday,1,0
2024-01-05,Other,6,3,3,132,192.5,954,Friday,1,0
2024-01-05,Snacks,2,1,1,44,16.0,322,Friday,1,0
2024-01-06,Beverages,1,1,1,60,52.0,298,Saturday,1,1
2024-01-06,Dairy,1,1,1,19,3.0,308,Saturday,1,1
2024-01-06,Other,12,5,5,273,117.5,1516,Saturday,1,1
2024-01-07,Beverages,1,1,1,37,89.0,320,Sunday,1,1
2024-01-07,Dairy,1,1,1,29,4.0,316,Sunday,1,1
2024-01-07,Dry Goods,3,1,1,30,307.0,322,Sunday,1,1
2024-01-07,Frozen Foods,5,2,2,82,78.0,584,Sunday,1,1
2024-01-07,Fruits,3,1,1,43,3.0,276,Sunday,1,1
2024-01-07,Other,7,5,5,215,207.0,1520,Sunday,1,1
2024-01-07,Snacks,6,2,2,63,73.0,632,Sunday,1,1
2024-01-08,Dry Goods,5,3,3,179,280.0,908,Monday,1,0
2024-01-08,Frozen Foods,2,1,1,50,177.0,286,Monday,1,0
2024-01-08,Fruits,2,1,1,30,3.0,280,Monday,1,0
2024-01-08,Other,6,4,4,233,182.67,1234,Monday,1,0
2024-01-09,Dairy,1,1,1,71,1.0,286,Tuesday,1,0
2024-01-09,Dry Goods,2,1,1,20,315.0,306,Tuesday,1,0
2024-01-09,Fruits,2,1,1,67,2.0,308,Tuesday,1,0
2024-01-09,Snacks,3,1,1,75,55.0,304,Tuesday,1,0
2024-01-10,Dairy,6,3,3,129,4.0,880,Wednesday,1,0
2024-01-10,Dry Goods,3,1,1,65,8.0,290,Wednesday,1,0
2024-01-10,Frozen Foods,5,2,2,96,45.8,612,Wednesday,1,0
2024-01-10,Fruits,5,2,2,69,1.8,544,Wednesday,1,0
2024-01-10,Other,13,6,5,255,216.77,1540,Wednesday,1,0
2024-01-11,Dairy,2,1,1,33,7.0,316,Thursday,1,0
2024-01-11,Dry Goods,4,2,2,85,286.0,560,Thursday,1,0
2024-01-11,Fruits,2,1,1,82,1.0,306,Thursday,1,0
2024-01-11,Other,7,3,3,141,100.0,986,Thursday,1,0
2024-01-12,Beverages,2,2,2,95,112.0,598,Friday,1,0
2024-01-12,Fruits,1,1,1,16,3.0,292,Friday,1,0
2024-01-12,Other,5,4,4,142,141.4,1250,Friday,1,0
2024-01-13,Dairy,8,4,2,154,1.0,604,Saturday,1,1
2024-01-13,Other,8,6,6,200,193.5,1766,Saturday,1,1
2024-01-13,Snacks,7,3,3,113,20.0,904,Saturday,1,1
2024-01-14,Beverages,5,2,2,79,103.4,610,Sunday,1,1
2024-01-14,Dry Goods,5,2,2,85,120.6,644,Sunday,1,1
2024-01-14,Other,4,2,2,65,264.0,612,Sunday,1,1
2024-01-15,Beverages,1,1,1,72,134.0,274,Monday,1,0
2024-01-15,Dry Goods,5,2,2,86,209.2,592,Monday,1,0
2024-01-15,Snacks,2,1,1,39,76.0,292,Monday,1,0
2024-01-16,Frozen Foods,2,1,1,36,14.0,298,Tuesday,1,0
2024-01-16,Other,24,11,11,464,151.0,3322,Tuesday,1,0
2024-01-16,Snacks,1,1,1,31,19.0,322,Tuesday,1,0
2024-01-17,Beverages,2,1,1,55,47.0,270,Wednesday,1,0
2024-01-17,Dairy,3,1,1,36,3.0,306,Wednesday,1,0
2024-01-17,Dry Goods,6,3,3,113,209.83,866,Wednesday,1,0
2024-01-17,Frozen Foods,1,1,1,51,176.0,292,Wednesday,1,0
2024-01-17,Other,6,3,3,102,137.5,930,Wednesday,1,0
2024-01-17,Snacks,1,1,1,92,57.0,296,Wednesday,1,0
2024-01-18,Dairy,4,2,2,70,4.75,556,Thursday,1,0
2024-01-18,Dry Goods,2,1,1,78,7.0,344,Thursday,1,0
2024-01-18,Frozen Foods,1,1,1,35,166.0,320,Thursday,1,0
2024-01-18,Other,5,2,2,83,110.4,612,Thursday,1,0
2024-01-18,Snacks,6,3,3,166,55.5,954,Thursday,1,0
2024-01-19,Beverages,3,1,1,13,74.0,316,Friday,1,0
2024-01-19,Other,14,6,4,225,216.5,1190,Friday,1,0
2024-01-20,Dairy,3,2,2,112,4.0,586,Saturday,1,1
2024-01-20,Dry Goods,5,2,2,74,211.8,534,Saturday,1,1
2024-01-20,Other,4,4,4,174,162.25,1150,Saturday,1,1
2024-01-20,Snacks,1,1,1,99,31.0,288,Saturday,1,1
2024-01-21,Other,7,4,4,187,137.43,1162,Sunday,1,1
2024-01-22,Dairy,1,1,1,51,3.0,304,Monday,1,0
2024-01-22,Dry Goods,1,1,1,41,176.0,300,Monday,1,0
2024-01-22,Other,17,6,6,316,210.41,1786,Monday,1,0
2024-01-22,Snacks,3,1,1,38,72.0,314,Monday,1,0
2024-01-23,Beverages,3,2,2,124,45.33,570,Tuesday,1,0
2024-01-23,Frozen Foods,6,2,2,92,168.0,564,Tuesday,1,0
2024-01-23,Fruits,2,1,1,44,3.0,298,Tuesday,1,0
2024-01-23,Other,8,3,3,125,174.75,914,Tuesday,1,0
2024-01-23,Snacks,3,1,1,54,4.0,316,Tuesday,1,0
2024-01-24,Dairy,2,1,1,46,6.0,296,Wednesday,1,0
2024-01-24,Dry Goods,3,1,1,41,159.0,318,Wednesday,1,0
2024-01-24,Frozen Foods,3,1,1,58,169.0,292,Wednesday,1,0
2024-01-24,Fruits,3,1,1,46,2.0,326,Wednesday,1,0
2024-01-24,Other,7,5,5,321,195.43,1462,Wednesday,1,0
2024-01-24,Snacks,1,1,1,60,52.0,298,Wednesday,1,0
2024-01-25,Beverages,2,1,1,42,150.0,312,Thursday,1,0
2024-01-25,Dairy,3,1,1,38,5.0,308,Thursday,1,0
2024-01-25,Dry Goods,2,1,1,65,37.0,326,Thursday,1,0
2024-01-25,Frozen Foods,1,1,1,49,78.0,284,Thursday,1,0
2024-01-25,Other,10,5,5,251,185.4,1520,Thursday,1,0
2024-01-25,Snacks,2,1,1,55,7.0,288,Thursday,1,0
2024-01-26,Beverages,3,1,1,60,30.0,292,Friday,1,0
2024-01-26,Dairy,2,2,2,75,3.5,588,Friday,1,0
2024-01-26,Frozen Foods,1,1,1,46,4.0,298,Friday,1,0
2024-01-26,Fruits,4,2,2,111,2.0,578,Friday,1,0
2024-01-26,Other,4,2,2,112,281.0,636,Friday,1,0
2024-01-27,Dairy,3,1,1,41,7.0,322,Saturday,1,1
2024-01-27,Other,15,8,8,307,154.2,2362,Saturday,1,1
2024-01-28,Dairy,3,1,1,49,6.0,280,Sunday,1,1
2024-01-28,Other,10,4,4,234,144.8,1192,Sunday,1,1
2024-01-28,Snacks,1,1,1,59,89.0,316,Sunday,1,1
2024-01-29,Fruits,6,2,2,90,3.0,588,Monday,1,0
2024-01-29,Other,12,6,6,288,226.33,1760,Monday,1,0
2024-01-29,Snacks,3,1,1,47,25.0,310,Monday,1,0
2024-01-30,Beverages,1,1,1,39,82.0,302,Tuesday,1,0
2024-01-30,Dairy,3,1,1,42,6.0,240,Tuesday,1,0
2024-01-30,Dry Goods,2,1,1,34,44.0,304,Tuesday,1,0
2024-01-30,Frozen Foods,1,1,1,47,154.0,320,Tuesday,1,0
2024-01-30,Fruits,2,1,1,42,2.0,318,Tuesday,1,0
2024-01-30,Other,12,6,6,264,176.25,1894,Tuesday,1,0
2024-01-31,Beverages,1,1,1,20,27.0,298,Wednesday,1,0
2024-01-31,Dairy,4,2,2,72,4.0,606,Wednesday,1,0
2024-01-31,Dry Goods,1,1,1,32,250.0,286,Wednesday,1,0
2024-01-31,Frozen Foods,1,1,1,73,154.0,286,Wednesday,1,0
2024-01-31,Fruits,3,2,2,67,1.67,610,Wednesday,1,0
2024-01-31,Other,6,4,4,171,210.17,1116,Wednesday,1,0
2024-02-01,Beverages,3,1,1,66,24.0,292,Thursday,2,0
2024-02-01,Frozen Foods,1,1,1,18,161.0,292,Thursday,2,0
2024-02-01,Other,12,7,7,299,198.58,1952,Thursday,2,0
2024-02-02,Beverages,5,2,2,98,55.6,574,Friday,2,0
2024-02-02,Dry Goods,3,1,1,59,128.0,262,Friday,2,0
2024-02-02,Frozen Foods,1,1,1,46,47.0,316,Friday,2,0
2024-02-02,Fruits,2,1,1,14,2.0,310,Friday,2,0
2024-02-02,Other,8,5,5,297,240.12,1486,Friday,2,0
2024-02-02,Snacks,3,1,1,61,22.0,270,Friday,2,0
2024-02-03,Beverages,3,1,1,56,27.0,280,Saturday,2,1
2024-02-03,Dry Goods,3,2,2,106,207.33,624,Saturday,2,1
2024-02-03,Fruits,5,2,2,94,1.4,612,Saturday,2,1
2024-02-03,Other,11,6,6,260,218.73,1866,Saturday,2,1
2024-02-03,Snacks,2,1,1,38,40.0,296,Saturday,2,1
2024-02-04,Dry Goods,2,1,1,43,244.0,272,Sunday,2,1
2024-02-04,Frozen Foods,5,2,2,81,41.0,584,Sunday,2,1
2024-02-04,Other,4,2,2,113,163.75,598,Sunday,2,1
2024-02-04,Snacks,4,2,2,92,63.5,548,Sunday,2,1
2024-02-05,Beverages,3,1,1,20,36.0,290,Monday,2,0
2024-02-05,Dry Goods,2,1,1,73,122.0,276,Monday,2,0
2024-02-05,Other,3,1,1,55,85.0,330,Monday,2,0
2024-02-06,Beverages,7,3,3,88,61.29,974,Tuesday,2,0
2024-02-06,Dairy,2,1,1,74,7.0,314,Tuesday,2,0
2024-02-06,Dry Goods,3,1,1,60,277.0,322,Tuesday,2,0
2024-02-06,Other,10,5,5,283,194.7,1528,Tuesday,2,0
2024-02-07,Dairy,5,2,2,84,2.2,626,Wednesday,2,0
2024-02-07,Dry Goods,3,1,1,30,310.0,268,Wednesday,2,0
2024-02-07,Frozen Foods,2,1,1,55,42.0,302,Wednesday,2,0
2024-02-07,Other,1,1,1,33,324.0,286,Wednesday,2,0
2024-02-08,Dry Goods,6,3,3,123,172.17,920,Thursday,2,0
2024-02-08,Other,14,8,8,367,135.21,2426,Thursday,2,0
2024-02-08,Snacks,1,1,1,11,16.0,270,Thursday,2,0
2024-02-09,Dry Goods,4,2,2,106,286.75,566,Friday,2,0
2024-02-09,Fruits,3,1,1,68,1.0,302,Friday,2,0
2024-02-09,Other,15,7,6,299,148.33,1790,Friday,2,0
2024-02-10,Beverages,5,3,2,106,43.4,626,Saturday,2,1
2024-02-10,Dairy,3,1,1,43,4.0,292,Saturday,2,1
2024-02-10,Dry Goods,4,3,3,110,142.5,922,Saturday,2,1
2024-02-10,Fruits,9,3,3,135,3.0,936,Saturday,2,1
2024-02-10,Other,9,5,5,246,177.33,1546,Saturday,2,1
2024-02-10,Snacks,3,1,1,13,14.0,270,Saturday,2,1
2024-02-11,Beverages,4,2,1,39,175.0,306,Sunday,2,1
2024-02-11,Dry Goods,2,1,1,79,116.0,276,Sunday,2,1
2024-02-11,Frozen Foods,1,1,1,48,144.0,342,Sunday,2,1
2024-02-11,Fruits,6,2,2,69,3.0,614,Sunday,2,1
2024-02-11,Other,11,4,4,203,202.18,1194,Sunday,2,1
2024-02-12,Beverages,1,1,1,33,84.0,334,Monday,2,0
2024-02-12,Dairy,3,1,1,50,7.0,272,Monday,2,0
2024-02-12,Other,7,4,4,241,121.29,1160,Monday,2,0
2024-02-12,Snacks,2,1,1,82,68.0,322,Monday,2,0
2024-02-13,Dry Goods,1,1,1,33,311.0,264,Tuesday,2,0
2024-02-13,Frozen Foods,6,2,2,107,84.5,590,Tuesday,2,0
2024-02-13,Other,17,8,7,283,182.35,2012,Tuesday,2,0
2024-02-13,Snacks,1,1,1,55,30.0,314,Tuesday,2,0
2024-02-14,Beverages,2,1,1,39,43.0,314,Wednesday,2,0
2024-02-14,Other,3,2,2,62,314.0,584,Wednesday,2,0
2024-02-15,Dairy,2,1,1,42,1.0,282,Thursday,2,0
2024-02-15,Dry Goods,3,2,2,135,117.33,594,Thursday,2,0
2024-02-15,Other,2,1,1,51,200.0,256,Thursday,2,0
2024-02-16,Beverages,1,1,1,81,9.0,292,Friday,2,0
2024-02-16,Dairy,1,1,1,91,3.0,308,Friday,2,0
2024-02-16,Dry Goods,4,2,2,118,69.0,592,Friday,2,0
2024-02-16,Frozen Foods,1,1,1,36,39.0,276,Friday,2,0
2024-02-16,Fruits,2,2,2,84,2.5,608,Friday,2,0
2024-02-16,Other,7,3,3,143,208.0,906,Friday,2,0
2024-02-16,Snacks,3,1,1,25,60.0,328,Friday,2,0
2024-02-17,Dairy,1,1,1,67,7.0,306,Saturday,2,1
2024-02-17,Dry Goods,2,1,1,49,123.0,248,Saturday,2,1
2024-02-17,Frozen Foods,3,2,2,94,97.0,556,Saturday,2,1
2024-02-17,Other,7,4,4,248,156.43,1240,Saturday,2,1
2024-02-17,Snacks,2,1,1,46,30.0,304,Saturday,2,1
2024-02-18,Dairy,3,2,2,130,5.67,574,Sunday,2,1
2024-02-18,Frozen Foods,1,1,1,20,137.0,342,Sunday,2,1
2024-02-18,Other,6,4,4,150,110.17,1216,Sunday,2,1
2024-02-18,Snacks,2,1,1,80,68.0,316,Sunday,2,1
2024-02-19,Beverages,3,1,1,39,8.0,298,Monday,2,0
2024-02-19,Fruits,4,2,1,33,3.0,300,Monday,2,0
2024-02-19,Other,5,3,3,205,182.6,852,Monday,2,0
2024-02-20,Beverages,3,2,2,81,97.33,590,Tuesday,2,0
2024-02-20,Dairy,1,1,1,53,1.0,286,Tuesday,2,0
2024-02-20,Dry Goods,3,1,1,40,304.0,264,Tuesday,2,0
2024-02-20,Frozen Foods,6,2,2,62,82.0,578,Tuesday,2,0
2024-02-20,Fruits,1,1,1,47,2.0,264,Tuesday,2,0
2024-02-20,Other,8,4,4,166,116.62,1194,Tuesday,2,0
2024-02-21,Beverages,3,2,2,87,77.33,660,Wednesday,2,0
2024-02-21,Dairy,2,1,1,38,6.0,308,Wednesday,2,0
2024-02-21,Dry Goods,5,2,2,86,233.6,648,Wednesday,2,0
2024-02-21,Fruits,4,2,2,72,2.0,598,Wednesday,2,0
2024-02-21,Other,9,5,5,246,245.11,1564,Wednesday,2,0
2024-02-22,Beverages,2,1,1,79,62.0,282,Thursday,2,0
2024-02-22,Dairy,3,1,1,49,1.0,282,Thursday,2,0
2024-02-22,Other,8,4,4,158,233.5,1162,Thursday,2,0
2024-02-22,Snacks,3,1,1,26,72.0,322,Thursday,2,0
2024-02-23,Dairy,4,2,2,96,5.0,620,Friday,2,0
2024-02-23,Frozen Foods,5,2,2,90,112.4,592,Friday,2,0
2024-02-23,Fruits,1,1,1,36,2.0,302,Friday,2,0
2024-02-23,Other,9,3,3,155,90.0,902,Friday,2,0
2024-02-23,Snacks,3,1,1,25,40.0,314,Friday,2,0
2024-02-24,Dry Goods,6,2,2,155,195.5,616,Saturday,2,1
2024-02-24,Frozen Foods,1,1,1,42,3.0,300,Saturday,2,1
2024-02-24,Fruits,3,2,2,104,1.0,588,Saturday,2,1
2024-02-24,Other,12,5,5,224,230.83,1418,Saturday,2,1
2024-02-25,Fruits,1,1,1,62,1.0,288,Sunday,2,1
2024-02-25,Other,8,4,4,165,210.88,1244,Sunday,2,1
2024-02-25,Snacks,3,2,1,47,20.0,298,Sunday,2,1
2024-02-26,Dry Goods,7,3,3,125,138.14,932,Monday,2,0
2024-02-26,Other,1,1,1,30,362.0,296,Monday,2,0
2024-02-26,Snacks,2,1,1,62,84.0,288,Monday,2,0
2024-02-27,Dairy,2,1,1,48,5.0,292,Tuesday,2,0
2024-02-27,Dry Goods,6,2,2,130,92.0,568,Tuesday,2,0
2024-02-27,Frozen Foods,1,1,1,45,180.0,300,Tuesday,2,0
2024-02-27,Other,11,6,5,170,180.27,1514,Tuesday,2,0
2024-02-27,Snacks,9,4,4,120,42.44,1192,Tuesday,2,0
2024-02-28,Beverages,3,1,1,62,90.0,274,Wednesday,2,0
2024-02-28,Frozen Foods,3,1,1,45,134.0,292,Wednesday,2,0
2024-02-28,Fruits,3,1,1,82,3.0,326,Wednesday,2,0
2024-02-28,Other,8,3,3,103,219.5,932,Wednesday,2,0
2024-02-28,Snacks,3,1,1,40,32.0,292,Wednesday,2,0
2024-02-29,Dairy,3,1,1,56,1.0,282,Thursday,2,0
2024-02-29,Other,5,3,3,139,306.0,914,Thursday,2,0
2024-02-29,Snacks,2,1,1,32,85.0,270,Thursday,2,0
2024-03-01,Dairy,3,1,1,80,1.0,306,Friday,3,0
2024-03-01,Fruits,2,1,1,21,3.0,320,Friday,3,0
2024-03-01,Other,9,5,5,258,269.89,1420,Friday,3,0
2024-03-01,Snacks,3,1,1,72,13.0,314,Friday,3,0
2024-03-02,Beverages,3,1,1,96,174.0,292,Saturday,3,1
2024-03-02,Dairy,4,2,2,91,5.25,648,Saturday,3,1
2024-03-02,Frozen Foods,2,1,1,21,123.0,286,Saturday,3,1
2024-03-02,Other,5,4,4,172,231.8,1136,Saturday,3,1
2024-03-03,Dairy,9,4,3,137,3.67,872,Sunday,3,1
2024-03-03,Other,11,5,5,226,198.09,1650,Sunday,3,1
2024-03-03,Snacks,4,3,3,186,54.75,926,Sunday,3,1
2024-03-04,Beverages,3,1,1,48,8.0,290,Monday,3,0
2024-03-04,Dairy,3,1,1,26,4.0,268,Monday,3,0
2024-03-04,Dry Goods,2,1,1,68,306.0,314,Monday,3,0
2024-03-04,Frozen Foods,2,2,2,130,19.0,592,Monday,3,0
2024-03-04,Fruits,3,2,2,132,1.0,628,Monday,3,0
2024-03-04,Other,4,3,3,194,231.5,974,Monday,3,0
2024-03-04,Snacks,2,2,2,104,65.0,604,Monday,3,0
2024-03-05,Dairy,3,1,1,23,6.0,240,Tuesday,3,0
2024-03-05,Dry Goods,3,1,1,35,93.0,276,Tuesday,3,0
2024-03-05,Frozen Foods,1,1,1,43,130.0,304,Tuesday,3,0
2024-03-05,Other,7,3,3,156,149.29,928,Tuesday,3,0
2024-03-06,Beverages,3,1,1,53,178.0,270,Wednesday,3,0
2024-03-06,Fruits,1,1,1,38,1.0,314,Wednesday,3,0
2024-03-06,Other,11,4,4,160,177.36,1186,Wednesday,3,0
2024-03-06,Snacks,1,1,1,47,25.0,292,Wednesday,3,0
2024-03-07,Dairy,1,1,1,56,7.0,340,Thursday,3,0
2024-03-07,Frozen Foods,3,1,1,37,150.0,282,Thursday,3,0
2024-03-07,Fruits,3,1,1,79,1.0,318,Thursday,3,0
2024-03-08,Dairy,1,1,1,45,1.0,276,Friday,3,0
2024-03-08,Dry Goods,2,1,1,69,103.0,248,Friday,3,0
2024-03-08,Other,17,8,8,268,176.82,2392,Friday,3,0
2024-03-08,Snacks,3,1,1,21,9.0,278,Friday,3,0
2024-03-09,Dairy,8,3,2,63,3.38,590,Saturday,3,1
2024-03-09,Dry Goods,1,1,1,30,210.0,272,Saturday,3,1
2024-03-09,Other,4,4,4,157,169.5,1210,Saturday,3,1
2024-03-10,Dairy,4,2,2,131,6.5,594,Sunday,3,1
2024-03-10,Dry Goods,3,1,1,40,88.0,276,Sunday,3,1
2024-03-10,Frozen Foods,4,2,2,50,44.0,566,Sunday,3,1
2024-03-10,Fruits,8,3,3,173,1.38,930,Sunday,3,1
2024-03-10,Other,1,1,1,49,132.0,302,Sunday,3,1
2024-03-10,Snacks,4,2,1,75,71.0,288,Sunday,3,1
2024-03-11,Dairy,1,1,1,19,5.0,306,Monday,3,0
2024-03-11,Other,19,8,8,362,154.05,2404,Monday,3,0
2024-03-12,Beverages,3,1,1,61,166.0,298,Tuesday,3,0
2024-03-12,Other,10,4,4,204,180.3,1220,Tuesday,3,0
2024-03-12,Snacks,2,1,1,70,6.0,304,Tuesday,3,0
2024-03-13,Beverages,2,1,1,37,15.0,314,Wednesday,3,0
2024-03-13,Dairy,1,1,1,72,6.0,280,Wednesday,3,0
2024-03-13,Dry Goods,5,2,2,138,303.0,608,Wednesday,3,0
2024-03-13,Frozen Foods,4,2,2,87,120.75,624,Wednesday,3,0
2024-03-13,Other,4,2,2,72,280.0,616,Wednesday,3,0
2024-03-14,Beverages,3,1,1,57,59.0,316,Thursday,3,0
2024-03-14,Frozen Foods,2,1,1,94,136.0,298,Thursday,3,0
2024-03-14,Fruits,2,1,1,49,3.0,298,Thursday,3,0
2024-03-14,Other,3,3,3,148,179.67,886,Thursday,3,0
2024-03-14,Snacks,3,1,1,47,51.0,322,Thursday,3,0
2024-03-15,Beverages,5,2,2,112,60.8,608,Friday,3,0
2024-03-15,Dry Goods,8,3,3,140,193.25,942,Friday,3,0
2024-03-15,Fruits,1,1,1,37,2.0,308,Friday,3,0
2024-03-15,Other,13,7,6,240,188.23,1884,Friday,3,0
2024-03-15,Snacks,5,2,2,55,44.2,596,Friday,3,0
2024-03-16,Beverages,3,1,1,32,31.0,294,Saturday,3,1
2024-03-16,Dairy,6,3,3,143,3.67,912,Saturday,3,1
2024-03-16,Dry Goods,2,2,2,126,222.5,580,Saturday,3,1
2024-03-16,Fruits,2,1,1,36,3.0,320,Saturday,3,1
2024-03-16,Other,6,4,4,158,157.67,1242,Saturday,3,1
2024-03-17,Dairy,2,1,1,87,7.0,308,Sunday,3,1
2024-03-17,Other,1,1,1,37,361.0,300,Sunday,3,1
2024-03-18,Dry Goods,3,1,1,79,93.0,248,Monday,3,0
2024-03-18,Fruits,1,1,1,29,2.0,326,Monday,3,0
2024-03-18,Other,4,2,2,71,185.0,616,Monday,3,0
2024-03-19,Beverages,4,3,2,119,87.0,588,Tuesday,3,0
2024-03-19,Dairy,1,1,1,60,4.0,298,Tuesday,3,0
2024-03-19,Dry Goods,3,1,1,47,167.0,292,Tuesday,3,0
2024-03-19,Frozen Foods,1,1,1,66,159.0,300,Tuesday,3,0
2024-03-19,Other,3,1,1,38,293.0,282,Tuesday,3,0
2024-03-19,Snacks,3,1,1,50,38.0,316,Tuesday,3,0
2024-03-20,Other,5,3,3,146,115.8,802,Wednesday,3,0
2024-03-21,Dry Goods,5,2,2,108,238.4,602,Thursday,3,0
2024-03-21,Frozen Foods,1,1,1,51,136.0,282,Thursday,3,0
2024-03-21,Fruits,3,1,1,49,2.0,328,Thursday,3,0
2024-03-21,Other,8,3,3,113,139.38,930,Thursday,3,0
2024-03-22,Dairy,1,1,1,44,7.0,268,Friday,3,0
2024-03-22,Dry Goods,2,2,1,85,308.0,344,Friday,3,0
2024-03-22,Frozen Foods,3,2,2,61,96.0,592,Friday,3,0
2024-03-22,Other,4,2,2,79,174.5,570,Friday,3,0
2024-03-22,Snacks,3,1,1,22,20.0,296,Friday,3,0
2024-03-23,Beverages,2,1,1,43,134.0,306,Saturday,3,1
2024-03-23,Dairy,5,4,4,193,5.8,1202,Saturday,3,1
2024-03-23,Dry Goods,4,2,2,74,287.75,572,Saturday,3,1
2024-03-23,Fruits,1,1,1,65,3.0,302,Saturday,3,1
2024-03-23,Other,3,1,1,47,184.0,296,Saturday,3,1
2024-03-24,Fruits,2,1,1,41,2.0,300,Sunday,3,1
2024-03-24,Other,12,6,6,237,202.33,1702,Sunday,3,1
2024-03-25,Other,6,4,4,160,178.17,1192,Monday,3,0
2024-03-26,Beverages,4,2,2,95,122.0,554,Tuesday,3,0
2024-03-26,Fruits,1,1,1,19,3.0,340,Tuesday,3,0
2024-03-26,Other,10,4,4,155,147.9,1204,Tuesday,3,0
2024-03-27,Beverages,1,1,1,19,61.0,342,Wednesday,3,0
2024-03-27,Dry Goods,2,1,1,46,81.0,308,Wednesday,3,0
2024-03-27,Fruits,7,4,3,156,2.57,852,Wednesday,3,0
2024-03-27,Other,14,6,6,303,165.71,1834,Wednesday,3,0
2024-03-27,Snacks,5,2,2,89,46.8,600,Wednesday,3,0
2024-03-28,Dairy,3,2,2,135,4.0,588,Thursday,3,0
2024-03-28,Fruits,3,1,1,48,3.0,320,Thursday,3,0
2024-03-28,Other,4,3,3,123,213.5,898,Thursday,3,0
2024-03-29,Fruits,5,2,2,86,3.0,620,Friday,3,0
2024-03-29,Other,15,6,5,187,239.53,1428,Friday,3,0
2024-03-30,Dairy,3,2,2,143,3.0,572,Saturday,3,1
2024-03-30,Other,9,3,3,146,231.67,890,Saturday,3,1
2024-03-31,Beverages,1,1,1,49,150.0,280,Sunday,3,1
2024-03-31,Dairy,3,2,2,77,6.33,610,Sunday,3,1
2024-03-31,Frozen Foods,5,3,3,120,73.2,810,Sunday,3,1
2024-03-31,Fruits,5,3,3,188,1.2,910,Sunday,3,1
2024-03-31,Other,12,6,6,318,125.17,1810,Sunday,3,1
2024-03-31,Snacks,5,2,2,64,39.0,554,Sunday,3,1
2024-04-01,Dairy,1,1,1,78,1.0,308,Monday,4,0
2024-04-01,Other,2,1,1,39,104.0,298,Monday,4,0
2024-04-02,Dairy,5,2,2,99,4.6,582,Tuesday,4,0
2024-04-02,Dry Goods,1,1,1,63,65.0,276,Tuesday,4,0
2024-04-02,Fruits,1,1,1,44,2.0,326,Tuesday,4,0
2024-04-02,Other,3,1,1,55,2.0,304,Tuesday,4,0
2024-04-03,Beverages,5,2,2,90,86.0,612,Wednesday,4,0
2024-04-03,Dairy,5,3,3,154,3.4,864,Wednesday,4,0
2024-04-03,Dry Goods,3,1,1,22,122.0,304,Wednesday,4,0
2024-04-03,Other,7,3,3,179,273.86,902,Wednesday,4,0
2024-04-03,Snacks,1,1,1,47,16.0,306,Wednesday,4,0
2024-04-04,Beverages,3,1,1,51,20.0,282,Thursday,4,0
2024-04-04,Dairy,3,2,2,82,5.67,606,Thursday,4,0
2024-04-04,Dry Goods,2,1,1,84,288.0,290,Thursday,4,0
2024-04-04,Other,7,4,4,254,169.86,1138,Thursday,4,0
2024-04-04,Snacks,1,1,1,39,50.0,284,Thursday,4,0
2024-04-05,Dairy,2,1,1,57,4.0,296,Friday,4,0
2024-04-05,Fruits,2,1,1,62,3.0,272,Friday,4,0
2024-04-05,Other,4,2,2,79,330.0,670,Friday,4,0
2024-04-05,Snacks,2,1,1,33,41.0,314,Friday,4,0
2024-04-06,Fruits,2,1,1,25,2.0,308,Saturday,4,1
2024-04-06,Other,9,5,5,293,208.33,1488,Saturday,4,1
2024-04-06,Snacks,1,1,1,28,28.0,322,Saturday,4,1
2024-04-07,Dairy,5,2,2,89,3.6,610,Sunday,4,1
2024-04-07,Dry Goods,6,3,3,111,157.33,904,Sunday,4,1
2024-04-07,Other,4,2,2,125,330.5,608,Sunday,4,1
2024-04-07,Snacks,6,2,2,113,29.5,632,Sunday,4,1
2024-04-08,Fruits,2,1,1,40,3.0,284,Monday,4,0
2024-04-08,Other,9,4,4,202,162.33,1198,Monday,4,0
2024-04-08,Snacks,2,2,2,106,28.0,630,Monday,4,0
2024-04-09,Dry Goods,3,1,1,28,116.0,304,Tuesday,4,0
2024-04-09,Frozen Foods,1,1,1,41,161.0,292,Tuesday,4,0
2024-04-09,Fruits,1,1,1,24,2.0,292,Tuesday,4,0
2024-04-09,Other,11,6,6,322,97.73,1792,Tuesday,4,0
2024-04-09,Snacks,1,1,1,48,51.0,314,Tuesday,4,0
2024-04-10,Dairy,3,1,1,78,3.0,276,Wednesday,4,0
2024-04-10,Dry Goods,4,2,2,88,329.5,636,Wednesday,4,0
2024-04-10,Frozen Foods,7,3,3,138,132.14,912,Wednesday,4,0
2024-04-10,Fruits,2,1,1,69,3.0,328,Wednesday,4,0
2024-04-10,Other,5,2,2,101,216.0,616,Wednesday,4,0
2024-04-10,Snacks,3,1,1,54,66.0,278,Wednesday,4,0
2024-04-11,Dairy,3,1,1,50,2.0,306,Thursday,4,0
2024-04-11,Dry Goods,3,1,1,33,144.0,292,Thursday,4,0
2024-04-11,Other,4,4,4,223,181.75,1222,Thursday,4,0
2024-04-11,Snacks,4,2,2,82,81.75,588,Thursday,4,0
2024-04-12,Dry Goods,5,2,2,139,62.6,586,Friday,4,0
2024-04-12,Frozen Foods,2,1,1,42,76.0,294,Friday,4,0
2024-04-12,Other,12,5,5,205,184.83,1542,Friday,4,0
2024-04-12,Snacks,3,1,1,54,19.0,288,Friday,4,0
2024-04-13,Beverages,3,2,2,112,139.33,562,Saturday,4,1
2024-04-13,Dairy,3,2,2,70,5.0,590,Saturday,4,1
2024-04-13,Dry Goods,2,1,1,36,266.0,314,Saturday,4,1
2024-04-13,Frozen Foods,3,1,1,68,94.0,320,Saturday,4,1
2024-04-13,Other,8,3,3,124,141.88,892,Saturday,4,1
2024-04-14,Dairy,1,1,1,67,6.0,302,Sunday,4,1
2024-04-14,Dry Goods,3,2,2,47,208.67,562,Sunday,4,1
2024-04-14,Frozen Foods,2,1,1,41,81.0,342,Sunday,4,1
2024-04-14,Fruits,2,1,1,29,1.0,320,Sunday,4,1
2024-04-14,Other,3,1,1,75,41.0,278,Sunday,4,1
2024-04-15,Dairy,1,1,1,68,5.0,302,Monday,4,0
2024-04-15,Dry Goods,3,1,1,36,65.0,248,Monday,4,0
2024-04-15,Other,12,7,7,277,189.25,2172,Monday,4,0
2024-04-15,Snacks,4,2,2,76,19.25,626,Monday,4,0
2024-04-16,Beverages,1,1,1,28,87.0,280,Tuesday,4,0
2024-04-16,Dairy,3,1,1,84,4.0,276,Tuesday,4,0
2024-04-16,Dry Goods,3,1,1,95,32.0,306,Tuesday,4,0
2024-04-16,Frozen Foods,2,1,1,64,153.0,316,Tuesday,4,0
2024-04-16,Other,3,2,2,87,150.33,600,Tuesday,4,0
2024-04-16,Snacks,1,1,1,45,13.0,270,Tuesday,4,0
2024-04-17,Dairy,5,2,2,95,3.4,592,Wednesday,4,0
2024-04-17,Fruits,2,1,1,56,2.0,318,Wednesday,4,0
2024-04-17,Other,6,3,3,188,174.33,848,Wednesday,4,0
2024-04-17,Snacks,1,1,1,19,2.0,306,Wednesday,4,0
2024-04-18,Beverages,2,1,1,41,39.0,342,Thursday,4,0
2024-04-18,Dairy,2,1,1,45,2.0,298,Thursday,4,0
2024-04-18,Dry Goods,2,1,1,50,172.0,286,Thursday,4,0
2024-04-18,Frozen Foods,3,1,1,67,67.0,298,Thursday,4,0
2024-04-18,Fruits,2,2,2,100,2.0,514,Thursday,4,0
2024-04-18,Other,16,8,8,413,214.75,2416,Thursday,4,0
2024-04-18,Snacks,2,1,1,72,2.0,322,Thursday,4,0
2024-04-19,Dairy,3,2,2,121,3.0,592,Friday,4,0
2024-04-19,Dry Goods,1,1,1,53,51.0,262,Friday,4,0
2024-04-19,Frozen Foods,2,1,1,46,76.0,342,Friday,4,0
2024-04-19,Other,16,8,8,367,130.56,2464,Friday,4,0
2024-04-19,Snacks,5,2,2,102,38.8,574,Friday,4,0
2024-04-20,Dry Goods,3,1,1,35,57.0,308,Saturday,4,1
2024-04-20,Frozen Foods,2,1,1,68,149.0,316,Saturday,4,1
2024-04-20,Other,11,5,5,234,245.36,1450,Saturday,4,1
2024-04-20,Snacks,6,3,3,173,42.17,938,Saturday,4,1
2024-04-21,Beverages,3,1,1,33,82.0,280,Sunday,4,1
2024-04-21,Dairy,1,1,1,74,5.0,268,Sunday,4,1
2024-04-21,Fruits,1,1,1,74,1.0,308,Sunday,4,1
2024-04-21,Other,7,4,4,164,152.86,1188,Sunday,4,1
2024-04-22,Beverages,3,1,1,31,159.0,318,Monday,4,0
2024-04-22,Dairy,3,1,1,50,1.0,280,Monday,4,0
2024-04-22,Fruits,5,3,3,149,2.6,890,Monday,4,0
2024-04-22,Other,6,4,4,180,260.17,1256,Monday,4,0
2024-04-23,Dry Goods,2,1,1,42,352.0,330,Tuesday,4,0
2024-04-23,Fruits,4,2,2,74,2.0,626,Tuesday,4,0
2024-04-23,Other,13,5,5,235,114.54,1478,Tuesday,4,0
2024-04-24,Dairy,3,1,1,31,7.0,292,Wednesday,4,0
2024-04-24,Dry Goods,3,1,1,48,68.0,318,Wednesday,4,0
2024-04-24,Other,12,8,7,389,240.58,2096,Wednesday,4,0
2024-04-25,Dairy,2,1,1,86,4.0,308,Thursday,4,0
2024-04-25,Dry Goods,3,1,1,28,311.0,326,Thursday,4,0
2024-04-25,Other,2,1,1,27,24.0,302,Thursday,4,0
2024-04-25,Snacks,3,2,2,132,42.67,608,Thursday,4,0
2024-04-26,Dairy,3,1,1,70,7.0,286,Friday,4,0
2024-04-26,Frozen Foods,2,1,1,58,144.0,292,Friday,4,0
2024-04-26,Fruits,1,1,1,45,3.0,308,Friday,4,0
2024-04-26,Other,9,4,4,136,83.22,1254,Friday,4,0
2024-04-27,Dry Goods,2,1,1,39,21.0,306,Saturday,4,1
2024-04-27,Fruits,2,1,1,62,3.0,250,Saturday,4,1
2024-04-27,Other,8,4,4,291,187.12,1156,Saturday,4,1
2024-04-28,Dairy,3,2,2,110,4.67,586,Sunday,4,1
2024-04-28,Other,5,3,3,158,141.4,874,Sunday,4,1
2024-04-28,Snacks,3,1,1,57,62.0,292,Sunday,4,1
2024-04-29,Beverages,3,1,1,33,172.0,302,Monday,4,0
2024-04-29,Dairy,1,1,1,56,5.0,298,Monday,4,0
2024-04-29,Frozen Foods,3,1,1,33,78.0,320,Monday,4,0
2024-04-29,Fruits,1,1,1,66,2.0,280,Monday,4,0
2024-04-29,Other,3,1,1,58,307.0,292,Monday,4,0
2024-04-29,Snacks,2,1,1,66,46.0,298,Monday,4,0
2024-04-30,Beverages,2,1,1,38,54.0,312,Tuesday,4,0
2024-04-30,Dairy,1,1,1,74,3.0,286,Tuesday,4,0
2024-04-30,Frozen Foods,5,2,2,53,114.4,596,Tuesday,4,0
2024-04-30,Fruits,1,1,1,78,1.0,300,Tuesday,4,0
2024-04-30,Other,1,1,1,44,11.0,314,Tuesday,4,0
2024-04-30,Snacks,3,1,1,47,63.0,314,Tuesday,4,0
2024-05-01,Beverages,6,3,2,110,35.67,586,Wednesday,5,0
2024-05-01,Dairy,4,2,2,67,4.75,598,Wednesday,5,0
2024-05-01,Other,13,5,5,257,141.54,1542,Wednesday,5,0
2024-05-02,Dry Goods,1,1,1,68,316.0,304,Thursday,5,0
2024-05-02,Fruits,3,1,1,60,3.0,306,Thursday,5,0
2024-05-02,Other,7,6,6,291,215.0,1728,Thursday,5,0
2024-05-02,Snacks,1,1,1,24,43.0,298,Thursday,5,0
2024-05-03,Beverages,3,2,2,73,99.0,630,Friday,5,0
2024-05-03,Dry Goods,6,3,3,158,112.83,870,Friday,5,0
2024-05-03,Frozen Foods,3,1,1,54,114.0,300,Friday,5,0
2024-05-03,Fruits,9,3,3,153,1.0,880,Friday,5,0
2024-05-03,Other,9,6,6,218,197.56,1814,Friday,5,0
2024-05-04,Frozen Foods,1,1,1,38,73.0,320,Saturday,5,1
2024-05-04,Fruits,1,1,1,58,3.0,340,Saturday,5,1
2024-05-04,Other,10,4,4,157,196.7,1194,Saturday,5,1
2024-05-04,Snacks,2,1,1,33,29.0,304,Saturday,5,1
2024-05-05,Other,8,4,3,162,170.25,926,Sunday,5,1
2024-05-06,Beverages,3,1,1,31,49.0,274,Monday,5,0
2024-05-06,Dairy,2,1,1,58,1.0,308,Monday,5,0
2024-05-06,Dry Goods,2,2,2,65,112.0,590,Monday,5,0
2024-05-06,Other,12,6,6,353,226.25,1698,Monday,5,0
2024-05-07,Dry Goods,3,1,1,51,255.0,290,Tuesday,5,0
2024-05-07,Frozen Foods,1,1,1,14,67.0,304,Tuesday,5,0
2024-05-07,Fruits,2,1,1,34,2.0,276,Tuesday,5,0
2024-05-07,Other,8,4,4,189,266.88,1156,Tuesday,5,0
2024-05-08,Beverages,1,1,1,23,112.0,280,Wednesday,5,0
2024-05-08,Other,5,4,4,139,201.2,1268,Wednesday,5,0
